date,confirmed,deaths,new_cases,new_deaths,new_cases_smoothed,A_normalized
2020-01-26,0,0,0.0,0.0,0.0,-1.0
2020-01-27,0,0,0.0,0.0,0.0,-1.0
2020-01-28,0,0,0.0,0.0,0.0,-1.0
2020-01-29,0,0,0.0,0.0,0.0,-1.0
2020-01-30,0,0,0.0,0.0,0.0,-1.0
2020-01-31,0,0,0.0,0.0,0.0,-1.0
2020-02-01,0,0,0.0,0.0,0.0,-1.0
2020-02-02,0,0,0.0,0.0,0.0,-1.0
2020-02-03,0,0,0.0,0.0,0.0,-1.0
2020-02-04,0,0,0.0,0.0,0.0,-1.0
2020-02-05,0,0,0.0,0.0,0.0,-1.0
2020-02-06,0,0,0.0,0.0,0.0,-1.0
2020-02-07,0,0,0.0,0.0,0.0,-1.0
2020-02-08,0,0,0.0,0.0,0.0,-1.0
2020-02-09,0,0,0.0,0.0,0.0,-1.0
2020-02-10,0,0,0.0,0.0,0.0,-1.0
2020-02-11,0,0,0.0,0.0,0.0,-1.0
2020-02-12,0,0,0.0,0.0,0.0,-1.0
2020-02-13,0,0,0.0,0.0,0.0,-1.0
2020-02-14,0,0,0.0,0.0,0.0,-1.0
2020-02-15,0,0,0.0,0.0,0.0,-1.0
2020-02-16,0,0,0.0,0.0,0.0,-1.0
2020-02-17,0,0,0.0,0.0,0.0,-1.0
2020-02-18,0,0,0.0,0.0,0.0,-1.0
2020-02-19,0,0,0.0,0.0,0.0,-1.0
2020-02-20,0,0,0.0,0.0,0.0,-1.0
2020-02-21,0,0,0.0,0.0,0.0,-1.0
2020-02-22,0,0,0.0,0.0,0.0,-1.0
2020-02-23,0,0,0.0,0.0,0.14285714285714285,-0.9999945597327741
2020-02-24,0,0,0.0,0.0,0.42857142857142855,-0.9999836791983222
2020-02-25,0,0,0.0,0.0,0.5714285714285714,-0.9999782389310963
2020-02-26,1,0,1.0,0.0,0.5714285714285714,-0.9999782389310963
2020-02-27,3,0,2.0,0.0,1.0,-0.9999619181294185
2020-02-28,4,0,1.0,0.0,1.0,-0.9999619181294185
2020-02-29,4,0,0.0,0.0,1.0,-0.9999619181294185
2020-03-01,7,0,3.0,0.0,1.1428571428571428,-0.9999564778621925
2020-03-02,7,0,0.0,0.0,4.0,-0.999847672517674
2020-03-03,7,0,0.0,0.0,5.857142857142857,-0.999776949043737
2020-03-04,9,0,2.0,0.0,6.0,-0.9997715087765111
2020-03-05,31,0,22.0,0.0,9.428571428571429,-0.9996409423630889
2020-03-06,45,0,14.0,0.0,9.428571428571429,-0.9996409423630889
2020-03-07,46,0,1.0,0.0,11.714285714285714,-0.9995538980874741
2020-03-08,73,0,27.0,0.0,12.857142857142858,-0.9995103759496666
2020-03-09,73,0,0.0,0.0,9.714285714285714,-0.999630061828637
2020-03-10,89,0,16.0,0.0,20.714285714285715,-0.9992111612522407
2020-03-11,99,1,10.0,1.0,26.0,-0.9990098713648814
2020-03-12,99,1,0.0,0.0,36.857142857142854,-0.9985964110557111
2020-03-13,190,1,91.0,0.0,36.857142857142854,-0.9985964110557111
2020-03-14,228,3,38.0,2.0,42.57142857142857,-0.998378800366674
2020-03-15,331,4,103.0,1.0,45.57142857142857,-0.9982645547549296
2020-03-16,331,4,0.0,0.0,45.57142857142857,-0.9982645547549296
2020-03-17,387,5,56.0,1.0,43.57142857142857,-0.9983407184960925
2020-03-18,418,5,31.0,0.0,43.142857142857146,-0.9983570392977703
2020-03-19,418,6,0.0,1.0,41.857142857142854,-0.9984060017028037
2020-03-20,495,8,77.0,2.0,52.0,-0.9980197427297629
2020-03-21,530,13,35.0,5.0,50.857142857142854,-0.9980632648675702
2020-03-22,624,15,94.0,2.0,59.57142857142857,-0.9977314085667888
2020-03-23,695,17,71.0,2.0,59.57142857142857,-0.9977314085667888
2020-03-24,743,20,48.0,3.0,48.57142857142857,-0.9981503091431851
2020-03-25,835,22,92.0,2.0,43.57142857142857,-0.9983407184960925
2020-03-26,835,22,0.0,0.0,76.0,-0.9971057778358073
2020-03-27,835,22,0.0,0.0,65.85714285714286,-0.997492036808848
2020-03-28,835,22,0.0,0.0,59.0,-0.9977531696356925
2020-03-29,1156,38,321.0,16.0,45.857142857142854,-0.9982536742204777
2020-03-30,1156,38,0.0,0.0,45.857142857142854,-0.9982536742204777
2020-03-31,1156,38,0.0,0.0,111.14285714285714,-0.9957674720982295
2020-04-01,1156,38,0.0,0.0,119.71428571428571,-0.9954410560646739
2020-04-02,1156,38,0.0,0.0,82.71428571428571,-0.9968500852761888
2020-04-03,1613,59,457.0,21.0,85.57142857142857,-0.9967412799316703
2020-04-04,1673,68,60.0,9.0,96.57142857142857,-0.9963223793552739
2020-04-05,1735,73,62.0,5.0,104.0,-0.9960394854595258
2020-04-06,1755,79,20.0,6.0,114.14285714285714,-0.995653226486485
2020-04-07,1832,81,77.0,2.0,56.57142857142857,-0.9978456541785332
2020-04-08,1884,83,52.0,2.0,58.285714285714285,-0.9977803709718222
2020-04-09,1955,86,71.0,3.0,49.42857142857143,-0.9981176675398296
2020-04-10,2009,90,54.0,4.0,55.714285714285715,-0.9978782957818888
2020-04-11,2081,93,72.0,3.0,48.285714285714285,-0.998161189677637
2020-04-12,2081,93,0.0,0.0,44.0,-0.9983243976944147
2020-04-13,2145,99,64.0,6.0,36.0,-0.9986290526590667
2020-04-14,2170,101,25.0,2.0,30.714285714285715,-0.9988303425464259
2020-04-15,2192,102,22.0,1.0,22.0,-0.9991621988472074
2020-04-16,2207,105,15.0,3.0,23.428571428571427,-0.9991077961749482
2020-04-17,2224,108,17.0,3.0,14.285714285714286,-0.9994559732774074
2020-04-18,2235,110,11.0,2.0,33.0,-0.9987432982708111
2020-04-19,2245,116,10.0,6.0,30.857142857142858,-0.9988249022792
2020-04-20,2245,116,0.0,0.0,36.57142857142857,-0.9986072915901629
2020-04-21,2401,121,156.0,5.0,38.0,-0.9985528889179036
2020-04-22,2408,121,7.0,0.0,38.714285714285715,-0.9985256875817741
2020-04-23,2463,125,55.0,4.0,38.857142857142854,-0.9985202473145481
2020-04-24,2490,130,27.0,5.0,41.285714285714285,-0.9984277627717073
2020-04-25,2506,130,16.0,0.0,23.571428571428573,-0.9991023559077222
2020-04-26,2517,134,11.0,4.0,24.0,-0.9990860351060444
2020-04-27,2534,136,17.0,2.0,18.285714285714285,-0.9993036457950815
2020-04-28,2566,138,32.0,2.0,17.428571428571427,-0.999336287398437
2020-04-29,2576,139,10.0,1.0,16.285714285714285,-0.9993798095362444
2020-04-30,2591,140,15.0,1.0,15.571428571428571,-0.999407010872374
2020-05-01,2612,140,21.0,0.0,14.0,-0.9994668538118593
2020-05-02,2620,143,8.0,3.0,10.857142857142858,-0.9995865396908297
2020-05-03,2626,144,6.0,1.0,12.428571428571429,-0.9995266967513444
2020-05-04,2632,146,6.0,2.0,12.428571428571429,-0.9995266967513444
2020-05-05,2642,146,10.0,0.0,11.285714285714286,-0.9995702188891519
2020-05-06,2663,147,21.0,1.0,12.857142857142858,-0.9995103759496666
2020-05-07,2678,148,15.0,1.0,12.857142857142858,-0.9995103759496666
2020-05-08,2691,150,13.0,2.0,13.428571428571429,-0.9994886148807629
2020-05-09,2710,151,19.0,1.0,14.571428571428571,-0.9994450927429556
2020-05-10,2716,151,6.0,0.0,13.857142857142858,-0.9994722940790851
2020-05-11,2726,151,10.0,0.0,13.142857142857142,-0.9994994954152148
2020-05-12,2744,152,18.0,1.0,17.0,-0.9993526082001148
2020-05-13,2760,155,16.0,3.0,15.571428571428571,-0.999407010872374
2020-05-14,2770,156,10.0,1.0,16.857142857142858,-0.9993580484673407
2020-05-15,2810,160,40.0,4.0,15.714285714285714,-0.9994015706051481
2020-05-16,2819,162,9.0,2.0,13.714285714285714,-0.999477734346311
2020-05-17,2834,163,15.0,1.0,12.857142857142858,-0.9995103759496666
2020-05-18,2836,165,2.0,2.0,11.857142857142858,-0.9995484578202481
2020-05-19,2840,165,4.0,0.0,9.0,-0.9996572631647667
2020-05-20,2850,166,10.0,1.0,8.142857142857142,-0.9996899047681223
2020-05-21,2853,168,3.0,2.0,6.285714285714286,-0.9997606282420592
2020-05-22,2873,169,20.0,1.0,6.571428571428571,-0.9997497477076074
2020-05-23,2876,171,3.0,2.0,7.0,-0.9997334269059296
2020-05-24,2878,171,2.0,0.0,7.571428571428571,-0.9997116658370259
2020-05-25,2882,172,4.0,1.0,7.571428571428571,-0.9997116658370259
2020-05-26,2889,173,7.0,1.0,5.142857142857143,-0.9998041503798667
2020-05-27,2903,173,14.0,0.0,5.571428571428571,-0.9997878295781889
2020-05-28,2906,175,3.0,2.0,5.571428571428571,-0.9997878295781889
2020-05-29,2909,175,3.0,0.0,5.142857142857143,-0.9998041503798667
2020-05-30,2915,175,6.0,0.0,6.857142857142857,-0.9997388671731555
2020-05-31,2917,175,2.0,0.0,7.0,-0.9997334269059296
2020-06-01,2918,179,1.0,4.0,6.571428571428571,-0.9997497477076074
2020-06-02,2937,179,19.0,0.0,20.0,-0.9992383625883703
2020-06-03,2952,180,15.0,1.0,19.142857142857142,-0.9992710041917259
2020-06-04,2952,180,0.0,0.0,18.857142857142858,-0.9992818847261777
2020-06-05,3049,182,97.0,2.0,18.714285714285715,-0.9992873249934037
2020-06-06,3049,182,0.0,0.0,17.285714285714285,-0.999341727665663
2020-06-07,3049,182,0.0,0.0,16.571428571428573,-0.9993689290017925
2020-06-08,3049,182,0.0,0.0,19.428571428571427,-0.999260123657274
2020-06-09,3058,183,9.0,1.0,8.428571428571429,-0.9996790242336704
2020-06-10,3068,183,10.0,0.0,9.0,-0.9996572631647667
2020-06-11,3088,183,20.0,0.0,10.285714285714286,-0.9996083007597333
2020-06-12,3108,183,20.0,0.0,12.142857142857142,-0.9995375772857963
2020-06-13,3112,183,4.0,0.0,12.857142857142858,-0.9995103759496666
2020-06-14,3121,183,9.0,0.0,19.285714285714285,-0.9992655639244999
2020-06-15,3134,184,13.0,1.0,19.857142857142858,-0.9992438028555962
2020-06-16,3148,185,14.0,1.0,18.428571428571427,-0.9992982055278555
2020-06-17,3203,187,55.0,2.0,20.571428571428573,-0.9992166015194667
2020-06-18,3227,188,24.0,1.0,20.714285714285715,-0.9992111612522407
2020-06-19,3237,189,10.0,1.0,21.857142857142858,-0.9991676391144333
2020-06-20,3256,190,19.0,1.0,22.0,-0.9991621988472074
2020-06-21,3266,190,10.0,0.0,15.285714285714286,-0.9994178914068259
2020-06-22,3287,190,21.0,0.0,13.428571428571429,-0.9994886148807629
2020-06-23,3302,190,15.0,0.0,15.142857142857142,-0.9994233316740518
2020-06-24,3310,190,8.0,0.0,15.714285714285714,-0.9994015706051481
2020-06-25,3321,191,11.0,1.0,15.714285714285714,-0.9994015706051481
2020-06-26,3343,191,22.0,0.0,14.714285714285714,-0.9994396524757296
2020-06-27,3366,191,23.0,0.0,15.285714285714286,-0.9994178914068259
2020-06-28,3376,191,10.0,0.0,17.428571428571427,-0.999336287398437
2020-06-29,3390,191,14.0,0.0,19.571428571428573,-0.9992546833900481
2020-06-30,3409,192,19.0,1.0,20.428571428571427,-0.9992220417866926
2020-07-01,3432,192,23.0,0.0,20.714285714285715,-0.9992111612522407
2020-07-02,3458,192,26.0,0.0,20.428571428571427,-0.9992220417866926
2020-07-03,3486,192,28.0,0.0,24.571428571428573,-0.9990642740371407
2020-07-04,3511,192,25.0,0.0,25.714285714285715,-0.9990207518993333
2020-07-05,3519,192,8.0,0.0,27.142857142857142,-0.9989663492270741
2020-07-06,3562,192,43.0,0.0,30.571428571428573,-0.9988357828136518
2020-07-07,3589,193,27.0,1.0,35.142857142857146,-0.9986616942624221
2020-07-08,3622,193,33.0,0.0,37.285714285714285,-0.9985800902540333
2020-07-09,3672,193,50.0,0.0,40.57142857142857,-0.998454964107837
2020-07-10,3732,193,60.0,0.0,37.714285714285715,-0.9985637694523555
2020-07-11,3772,193,40.0,0.0,42.0,-0.9984005614355778
2020-07-12,3803,193,31.0,0.0,41.142857142857146,-0.9984332030389332
2020-07-13,3826,193,23.0,0.0,38.142857142857146,-0.9985474486506777
2020-07-14,3883,193,57.0,0.0,33.142857142857146,-0.9987378580035852
2020-07-15,3910,193,27.0,0.0,30.142857142857142,-0.9988521036153296
2020-07-16,3939,193,29.0,0.0,29.142857142857142,-0.998890185485911
2020-07-17,3964,194,25.0,1.0,26.571428571428573,-0.9989881102959778
2020-07-18,3983,194,19.0,0.0,23.571428571428573,-0.9991023559077222
2020-07-19,4007,194,24.0,0.0,23.857142857142858,-0.9990914753732704
2020-07-20,4012,195,5.0,1.0,24.428571428571427,-0.9990697143043666
2020-07-21,4048,197,36.0,2.0,24.428571428571427,-0.9990697143043666
2020-07-22,4077,200,29.0,3.0,26.142857142857142,-0.9990044310976555
2020-07-23,4110,201,33.0,1.0,26.571428571428573,-0.9989881102959778
2020-07-24,4135,201,25.0,0.0,30.714285714285715,-0.9988303425464259
2020-07-25,4166,201,31.0,0.0,33.0,-0.9987432982708111
2020-07-26,4193,202,27.0,1.0,37.0,-0.9985909707884851
2020-07-27,4227,202,34.0,0.0,41.57142857142857,-0.9984168822372554
2020-07-28,4279,203,52.0,1.0,48.857142857142854,-0.9981394286087333
2020-07-29,4336,203,57.0,0.0,60.142857142857146,-0.997709647497885
2020-07-30,4401,203,65.0,0.0,67.0,-0.9974485146710407
2020-07-31,4477,206,76.0,3.0,72.85714285714286,-0.9972254637147777
2020-08-01,4587,206,110.0,0.0,82.28571428571429,-0.9968664060778666
2020-08-02,4662,208,75.0,2.0,91.0,-0.996534549777085
2020-08-03,4737,209,75.0,1.0,103.14285714285714,-0.9960721270628813
2020-08-04,4855,209,118.0,0.0,113.28571428571429,-0.9956858680898406
2020-08-05,4973,210,118.0,1.0,119.14285714285714,-0.9954628171335776
2020-08-06,5123,210,150.0,0.0,137.28571428571428,-0.9947719031958849
2020-08-07,5270,210,147.0,0.0,144.57142857142858,-0.9944944495673628
2020-08-08,5421,211,151.0,1.0,155.28571428571428,-0.9940864295254183
2020-08-09,5623,212,202.0,1.0,172.0,-0.993449918259985
2020-08-10,5749,213,126.0,1.0,179.71428571428572,-0.9931561438297849
2020-08-11,5942,214,193.0,1.0,194.57142857142858,-0.9925903560382886
2020-08-12,6177,216,235.0,2.0,205.28571428571428,-0.9921823359963441
2020-08-13,6381,221,204.0,5.0,207.42857142857142,-0.9921007319879552
2020-08-14,6632,223,251.0,2.0,210.42857142857142,-0.9919864863762108
2020-08-15,6858,226,226.0,3.0,218.57142857142858,-0.991676391144333
2020-08-16,7075,228,217.0,2.0,215.28571428571428,-0.9918015172905293
2020-08-17,7222,230,147.0,2.0,221.85714285714286,-0.9915512649981367
2020-08-18,7472,232,250.0,2.0,215.14285714285714,-0.9918069575577553
2020-08-19,7684,235,212.0,3.0,217.57142857142858,-0.9917144730149144
2020-08-20,7934,235,250.0,0.0,227.0,-0.9913554153780033
2020-08-21,8138,238,204.0,3.0,228.14285714285714,-0.991311893240196
2020-08-22,8381,240,243.0,2.0,216.42857142857142,-0.9917579951527219
2020-08-23,8664,242,283.0,2.0,186.14285714285714,-0.9929113318046182
2020-08-24,8819,242,155.0,0.0,228.14285714285714,-0.991311893240196
2020-08-25,8987,243,168.0,1.0,237.42857142857142,-0.9909582758705108
2020-08-26,8987,243,0.0,0.0,228.0,-0.9913173335074219
2020-08-27,9531,254,544.0,11.0,210.0,-0.9920028071778886
2020-08-28,9800,259,269.0,5.0,214.0,-0.9918504796955626
2020-08-29,9977,260,177.0,1.0,219.57142857142858,-0.9916383092737515
2020-08-30,10134,262,157.0,2.0,252.85714285714286,-0.9903707270101108
2020-08-31,10317,266,183.0,4.0,209.57142857142858,-0.9920191279795664
2020-09-01,10524,271,207.0,5.0,200.0,-0.9923836258837034
2020-09-02,10757,273,233.0,2.0,201.28571428571428,-0.99233466347867
2020-09-03,10998,278,241.0,5.0,198.57142857142858,-0.9924380285559626
2020-09-04,11200,279,202.0,1.0,192.28571428571428,-0.9926774003139034
2020-09-05,11386,280,186.0,1.0,186.85714285714286,-0.9928841304684886
2020-09-06,11524,284,138.0,4.0,189.0,-0.9928025264600997
2020-09-07,11663,289,139.0,5.0,207.71428571428572,-0.9920898514535034
2020-09-08,11832,290,169.0,1.0,219.14285714285714,-0.9916546300754293
2020-09-09,12080,293,248.0,3.0,235.71428571428572,-0.9910235590772218
2020-09-10,12452,297,372.0,4.0,245.14285714285714,-0.9906645014403107
2020-09-11,12734,300,282.0,3.0,251.0,-0.9904414504840477
2020-09-12,13036,302,302.0,2.0,271.14285714285717,-0.9896743728051922
2020-09-13,13240,305,204.0,3.0,280.14285714285717,-0.9893316359699589
2020-09-14,13420,310,180.0,5.0,278.2857142857143,-0.9894023594438959
2020-09-15,13730,313,310.0,3.0,286.2857142857143,-0.989097704479244
2020-09-16,14041,316,311.0,3.0,277.42857142857144,-0.9894350010472515
2020-09-17,14400,325,359.0,9.0,271.7142857142857,-0.9896526117362885
2020-09-18,14738,327,338.0,2.0,310.7142857142857,-0.9881674187836107
2020-09-19,14978,331,240.0,4.0,314.0,-0.9880422926374144
2020-09-20,15142,338,164.0,7.0,320.7142857142857,-0.9877866000777958
2020-09-21,15595,344,453.0,6.0,318.14285714285717,-0.9878845248878625
2020-09-22,15928,352,333.0,8.0,310.7142857142857,-0.9881674187836107
2020-09-23,16286,357,358.0,5.0,321.42857142857144,-0.9877593987416662
2020-09-24,16627,366,341.0,9.0,328.85714285714283,-0.987476504845918
2020-09-25,16913,369,286.0,3.0,301.7142857142857,-0.988510155618844
2020-09-26,17228,376,315.0,7.0,313.57142857142856,-0.9880586134390922
2020-09-27,17444,379,216.0,3.0,312.7142857142857,-0.9880912550424477
2020-09-28,17707,383,263.0,4.0,322.7142857142857,-0.9877104363366328
2020-09-29,18123,388,416.0,5.0,347.57142857142856,-0.9867638298393218
2020-09-30,18475,391,352.0,3.0,340.7142857142857,-0.9870249626661661
2020-10-01,18886,393,411.0,2.0,342.57142857142856,-0.9869542391922291
2020-10-02,19346,398,460.0,5.0,347.85714285714283,-0.9867529493048699
2020-10-03,19613,405,267.0,7.0,345.42857142857144,-0.9868454338477106
2020-10-04,19842,409,229.0,4.0,353.14285714285717,-0.9865516594175106
2020-10-05,20142,417,300.0,8.0,356.42857142857144,-0.9864265332713142
2020-10-06,20541,420,399.0,3.0,346.57142857142856,-0.9868019117099032
2020-10-07,20947,424,406.0,4.0,352.14285714285717,-0.9865897412880921
2020-10-08,21381,430,434.0,6.0,359.42857142857144,-0.9863122876595698
2020-10-09,21772,431,391.0,1.0,358.57142857142856,-0.9863449292629254
2020-10-10,22078,436,306.0,5.0,359.85714285714283,-0.9862959668578921
2020-10-11,22358,449,280.0,13.0,364.0,-0.9861381991083402
2020-10-12,22652,456,294.0,7.0,366.57142857142856,-0.9860402742982736
2020-10-13,23060,462,408.0,6.0,382.57142857142856,-0.9854309643689698
2020-10-14,23495,469,435.0,7.0,407.7142857142857,-0.9844734773372068
2020-10-15,23947,482,452.0,13.0,430.2857142857143,-0.9836139151155104
2020-10-16,24450,490,503.0,8.0,450.0,-0.9828631582383327
2020-10-17,24932,500,482.0,10.0,487.0,-0.9814541290268178
2020-10-18,25370,509,438.0,9.0,548.4285714285714,-0.9791148141196696
2020-10-19,25802,520,432.0,11.0,609.8571428571429,-0.9767754992125213
2020-10-20,26469,528,667.0,8.0,658.1428571428571,-0.9749366888901583
2020-10-21,27334,534,865.0,6.0,722.8571428571429,-0.9724722478368137
2020-10-22,28216,549,882.0,15.0,773.1428571428571,-0.9705572737732877
2020-10-23,29057,559,841.0,10.0,813.4285714285714,-0.9690231184155765
2020-10-24,29992,564,935.0,5.0,897.5714285714286,-0.9658188010195061
2020-10-25,30782,574,790.0,10.0,995.0,-0.9621085387714244
2020-10-26,31496,581,714.0,7.0,1042.0,-0.9603186908540947
2020-10-27,32752,593,1256.0,12.0,1162.7142857142858,-0.9557216650481871
2020-10-28,34299,603,1547.0,10.0,1322.7142857142858,-0.9496285657551499
2020-10-29,35510,615,1211.0,12.0,1449.5714285714287,-0.9447976084585274
2020-10-30,37196,620,1686.0,5.0,1512.0,-0.9424202116807978
2020-10-31,39251,626,2055.0,6.0,1642.0,-0.937469568505205
2020-11-01,40929,635,1678.0,9.0,1799.0,-0.9314907148239122
2020-11-02,42080,642,1151.0,7.0,2042.4285714285713,-0.922220499470934
2020-11-03,44246,655,2166.0,13.0,2151.1428571428573,-0.9180804561120042
2020-11-04,46892,673,2646.0,18.0,2222.5714285714284,-0.9153603224990412
2020-11-05,49807,702,2915.0,29.0,2252.714285714286,-0.9142124261143707
2020-11-06,52254,715,2447.0,13.0,2301.0,-0.9123736157920077
2020-11-07,54809,749,2555.0,34.0,2332.0,-0.9111930778039817
2020-11-08,56698,784,1889.0,35.0,2347.0,-0.9106218497452595
2020-11-09,58187,825,1489.0,41.0,2404.285714285714,-0.9084403025876631
2020-11-10,60570,866,2383.0,41.0,2488.714285714286,-0.9052251046571408
2020-11-11,63321,909,2751.0,43.0,2528.714285714286,-0.9037018298338815
2020-11-12,66637,959,3316.0,50.0,2501.0,-0.9047572416757111
2020-11-13,69675,997,3038.0,38.0,2602.285714285714,-0.9009000922125294
2020-11-14,72510,1035,2835.0,38.0,2607.8571428571427,-0.9006879217907183
2020-11-15,74205,1106,1695.0,71.0,2673.285714285714,-0.8981962794012441
2020-11-16,76403,1165,2198.0,59.0,2660.5714285714284,-0.8986804631843516
2020-11-17,78825,1228,2422.0,63.0,2591.0,-0.9013298733233777
2020-11-18,82034,1288,3209.0,60.0,2515.8571428571427,-0.9041914538842148
2020-11-19,85261,1347,3227.0,59.0,2487.714285714286,-0.9052631865277222
2020-11-20,87812,1419,2551.0,72.0,2371.8571428571427,-0.9096752432479484
2020-11-21,90121,1527,2309.0,108.0,2330.285714285714,-0.9112583610106928
2020-11-22,91619,1630,1498.0,103.0,2179.1428571428573,-0.9170141637357228
2020-11-23,93006,1714,1387.0,84.0,2006.4285714285713,-0.9235914468118674
2020-11-24,95137,1815,2131.0,101.0,1925.0,-0.9266923991306453
2020-11-25,97288,1902,2151.0,87.0,1844.7142857142858,-0.9297498293116158
2020-11-26,99306,2001,2018.0,99.0,1801.142857142857,-0.9314091108155232
2020-11-27,101287,2102,1981.0,101.0,1752.142857142857,-0.9332751224740159
2020-11-28,103034,2223,1747.0,121.0,1761.857142857143,-0.9329051843026529
2020-11-29,104227,2321,1193.0,98.0,1766.7142857142858,-0.9327202152169715
2020-11-30,105271,2406,1044.0,85.0,1747.2857142857142,-0.9334600915596974
2020-12-01,107470,2517,2199.0,111.0,1699.7142857142858,-0.9352717005459308
2020-12-02,109655,2606,2185.0,89.0,1647.7142857142858,-0.937251957816168
2020-12-03,111537,2706,1882.0,100.0,1606.2857142857142,-0.9388296353116865
2020-12-04,113185,2804,1648.0,98.0,1635.7142857142858,-0.9377089402631458
2020-12-05,114568,2902,1383.0,98.0,1510.7142857142858,-0.9424691740858311
2020-12-06,115471,3003,903.0,101.0,1437.857142857143,-0.9452437103710534
2020-12-07,116721,3092,1250.0,89.0,1388.0,-0.9471423636329016
2020-12-08,118045,3194,1324.0,102.0,1351.857142857143,-0.948518751241061
2020-12-09,119720,3289,1675.0,95.0,1324.857142857143,-0.949546961746761
2020-12-10,121253,3370,1533.0,81.0,1294.7142857142858,-0.9506948581314314
2020-12-11,122648,3472,1395.0,102.0,1207.4285714285713,-0.9540188614064723
2020-12-12,123842,3540,1194.0,68.0,1189.5714285714287,-0.954698894809713
2020-12-13,124534,3625,692.0,85.0,1119.5714285714287,-0.9573646257504168
2020-12-14,125173,3687,639.0,62.0,1065.2857142857142,-0.9594319272962688
2020-12-15,126372,3785,1199.0,98.0,990.8571428571429,-0.9622663065209763
2020-12-16,127557,3870,1185.0,85.0,949.0,-0.9638603048181726
2020-12-17,128710,3948,1153.0,78.0,934.0,-0.9644315328768949
2020-12-18,129584,4044,874.0,96.0,917.7142857142857,-0.9650517233406505
2020-12-19,130485,4102,901.0,58.0,865.4285714285714,-0.9670428611453394
2020-12-20,131072,4172,587.0,70.0,829.7142857142857,-0.968402927951821
2020-12-21,131597,4257,525.0,85.0,789.2857142857143,-0.9699425235767581
2020-12-22,132430,4340,833.0,83.0,752.5714285714286,-0.9713406722538211
2020-12-23,133365,4402,935.0,62.0,661.2857142857143,-0.9748170030111879
2020-12-24,134235,4457,870.0,55.0,626.2857142857143,-0.9761498684815398
2020-12-25,134852,4507,617.0,50.0,619.1428571428571,-0.9764218818428361
2020-12-26,135114,4553,262.0,46.0,649.4285714285714,-0.9752685451909398
2020-12-27,135456,4606,342.0,53.0,650.4285714285714,-0.9752304633203583
2020-12-28,135931,4672,475.0,66.0,659.2857142857143,-0.9748931667523508
2020-12-29,136976,4730,1045.0,58.0,656.4285714285714,-0.9750019720968695
2020-12-30,137918,4788,942.0,58.0,656.4285714285714,-0.9750019720968695
2020-12-31,138850,4838,932.0,50.0,663.2857142857143,-0.974740839270025
2021-01-01,139447,4881,597.0,43.0,656.4285714285714,-0.9750019720968695
2021-01-02,139709,4921,262.0,40.0,639.5714285714286,-0.9756439236295287
2021-01-03,140099,4957,390.0,36.0,621.2857142857143,-0.9763402778344472
2021-01-04,140526,5011,427.0,54.0,561.0,-0.9786360706037881
2021-01-05,141453,5051,927.0,40.0,578.1428571428571,-0.9779832385366769
2021-01-06,142267,5099,814.0,48.0,654.8571428571429,-0.9750618150363546
2021-01-07,142777,5146,510.0,47.0,662.7142857142857,-0.9747626003389287
2021-01-08,143494,5195,717.0,49.0,664.7142857142857,-0.9746864365977657
2021-01-09,144293,5227,799.0,32.0,652.4285714285714,-0.9751542995791953
2021-01-10,144738,5263,445.0,36.0,631.5714285714286,-0.9759485785941805
2021-01-11,145179,5302,441.0,39.0,643.7142857142857,-0.9754861558799768
2021-01-12,146020,5329,841.0,27.0,623.7142857142857,-0.9762477932916065
2021-01-13,146688,5354,668.0,25.0,582.4285714285714,-0.9778200305198992
2021-01-14,147283,5387,595.0,33.0,552.7142857142857,-0.9789516061028918
2021-01-15,147860,5421,577.0,34.0,535.1428571428571,-0.9796207589716807
2021-01-16,148370,5441,510.0,20.0,491.7142857142857,-0.9812746002083622
2021-01-17,148607,5469,237.0,28.0,469.2857142857143,-0.9821287221628326
2021-01-18,148925,5488,318.0,19.0,456.57142857142856,-0.9826129059459401
2021-01-19,149462,5518,537.0,30.0,454.42857142857144,-0.9826945099543289
2021-01-20,149973,5545,511.0,27.0,468.0,-0.982177684567866
2021-01-21,150479,5570,506.0,25.0,481.85714285714283,-0.9816499786469511
2021-01-22,151041,5598,562.0,28.0,498.14285714285717,-0.9810297881831955
2021-01-23,151646,5622,605.0,24.0,537.7142857142857,-0.979522834161614
2021-01-24,151980,5646,334.0,24.0,587.1428571428571,-0.9776405017014436
2021-01-25,152412,5671,432.0,25.0,616.7142857142857,-0.9765143663856769
2021-01-26,153226,5692,814.0,21.0,662.4285714285714,-0.9747734808733804
2021-01-27,154083,5724,857.0,32.0,689.5714285714286,-0.9737398301004545
2021-01-28,154796,5742,713.0,18.0,711.0,-0.9729237900165656
2021-01-29,155678,5764,882.0,22.0,726.1428571428571,-0.9723471216906174
2021-01-30,156473,5779,795.0,15.0,784.2857142857143,-0.9701329329296655
2021-01-31,156957,5796,484.0,17.0,826.1428571428571,-0.9685389346324691
2021-02-01,157495,5829,538.0,33.0,877.0,-0.9666021995000394
2021-02-02,158716,5851,1221.0,22.0,918.4285714285714,-0.9650245220045208
2021-02-03,159866,5878,1150.0,27.0,962.8571428571429,-0.9633325988972579
2021-02-04,160935,5903,1069.0,25.0,998.4285714285714,-0.9619779723580022
2021-02-05,162107,5922,1172.0,19.0,1011.4285714285714,-0.9614829080404429
2021-02-06,163213,5951,1106.0,29.0,1050.142857142857,-0.960008595622217
2021-02-07,163946,5972,733.0,21.0,1097.5714285714287,-0.9582024269032094
2021-02-08,164575,5997,629.0,25.0,1133.857142857143,-0.9568205990278242
2021-02-09,166067,6017,1492.0,20.0,1162.4285714285713,-0.955732545582639
2021-02-10,167549,6034,1482.0,17.0,1179.0,-0.9551014745844316
2021-02-11,168872,6056,1323.0,22.0,1168.857142857143,-0.9554877335574723
2021-02-12,170244,6077,1372.0,21.0,1178.4285714285713,-0.9551232356533353
2021-02-13,171466,6103,1222.0,26.0,1119.7142857142858,-0.9573591854831909
2021-02-14,172128,6126,662.0,23.0,1015.7142857142857,-0.9613197000236652
2021-02-15,172824,6152,696.0,26.0,1026.7142857142858,-0.9609007994472688
2021-02-16,173905,6181,1081.0,29.0,1035.7142857142858,-0.9605580626120355
2021-02-17,174659,6194,754.0,13.0,1064.5714285714287,-0.9594591286323985
2021-02-18,176059,6221,1400.0,27.0,1096.2857142857142,-0.9582513893082428
2021-02-19,177494,6249,1435.0,28.0,1121.142857142857,-0.9573047828109317
2021-02-20,178918,6272,1424.0,23.0,1268.2857142857142,-0.9517013075682278
2021-02-21,179802,6297,884.0,25.0,1432.4285714285713,-0.9454504405256386
2021-02-22,180672,6321,870.0,24.0,1487.142857142857,-0.943366818178109
2021-02-23,182783,6343,2111.0,22.0,1529.5714285714287,-0.9417510588120088
2021-02-24,184686,6371,1903.0,28.0,1559.0,-0.9406303637634681
2021-02-25,186469,6410,1783.0,39.0,1614.0,-0.9385358608814865
2021-02-26,188201,6439,1732.0,29.0,1656.857142857143,-0.9369037807137086
2021-02-27,189831,6468,1630.0,29.0,1685.5714285714287,-0.9358102870012975
2021-02-28,191100,6504,1269.0,36.0,1799.0,-0.9314907148239122
2021-03-01,192270,6534,1170.0,30.0,1861.0,-0.9291296388478603
2021-03-02,194582,6557,2312.0,23.0,1925.142857142857,-0.9266869588634193
2021-03-03,197279,6597,2697.0,40.0,2021.0,-0.9230365395548229
2021-03-04,199496,6632,2217.0,35.0,2002.857142857143,-0.9237274534925155
2021-03-05,201677,6664,2181.0,32.0,2001.5714285714287,-0.9237764158975489
2021-03-06,203978,6705,2301.0,41.0,2125.714285714286,-0.919048823678219
2021-03-07,205120,6758,1142.0,53.0,2116.0,-0.919418761849582
2021-03-08,206281,6797,1161.0,39.0,2166.4285714285716,-0.9174983475188301
2021-03-09,209462,6843,3181.0,46.0,2191.5714285714284,-0.9165408604870672
2021-03-10,212091,6886,2629.0,43.0,2220.4285714285716,-0.9154419265074301
2021-03-11,214661,6937,2570.0,51.0,2289.5714285714284,-0.9128088371700818
2021-03-12,217018,6986,2357.0,49.0,2285.714285714286,-0.9129557243851818
2021-03-13,219521,7038,2503.0,52.0,2046.7142857142858,-0.9220572914541563
2021-03-14,221147,7091,1626.0,53.0,2165.1428571428573,-0.9175473099238635
2021-03-15,222281,7137,1134.0,46.0,2236.5714285714284,-0.9148271763109004
2021-03-16,223789,7196,1508.0,59.0,2294.4285714285716,-0.9126238680844003
2021-03-17,227247,7252,3458.0,56.0,2298.5714285714284,-0.9124661003348484
2021-03-18,230317,7297,3070.0,45.0,2282.5714285714284,-0.9130754102641522
2021-03-19,233079,7361,2762.0,64.0,2364.1428571428573,-0.9099690176781483
2021-03-20,235611,7421,2532.0,60.0,2651.1428571428573,-0.8990395208212627
2021-03-21,237125,7462,1514.0,41.0,2594.0,-0.9012156277116332
2021-03-22,238830,7531,1705.0,69.0,2525.0,-0.9038432767817555
2021-03-23,242347,7582,3517.0,51.0,2339.8571428571427,-0.9108938631065558
2021-03-24,245405,7649,3058.0,67.0,2425.5714285714284,-0.9076297027710001
2021-03-25,247992,7701,2587.0,52.0,2415.1428571428573,-0.9080268422784927
2021-03-26,249458,7754,1466.0,53.0,2417.8571428571427,-0.9079234772012001
2021-03-27,252590,7826,3132.0,72.0,2532.8571428571427,-0.9035440620843296
2021-03-28,254031,7880,1441.0,54.0,2612.0,-0.9005301540411665
2021-03-29,255755,7945,1724.0,65.0,2740.0,-0.8956556746067367
2021-03-30,260077,8017,4322.0,72.0,2967.4285714285716,-0.8869947691830623
2021-03-31,263689,8093,3612.0,76.0,2981.285714285714,-0.8864670632621474
2021-04-01,267172,8160,3483.0,67.0,3054.714285714286,-0.8836707659080214
2021-04-02,270230,8232,3058.0,72.0,3074.5714285714284,-0.8829145687636177
2021-04-03,273459,8302,3229.0,70.0,3070.4285714285716,-0.8830723365131695
2021-04-04,275414,8380,1955.0,78.0,3046.5714285714284,-0.8839808611398992
2021-04-05,277277,8453,1863.0,73.0,3008.285714285714,-0.8854388527564474
2021-04-06,281570,8532,4293.0,79.0,2962.0,-0.8872014993376475
2021-04-07,285015,8607,3445.0,75.0,2900.5714285714284,-0.8895408142447957
2021-04-08,288230,8680,3215.0,73.0,2866.5714285714284,-0.8908355978445661
2021-04-09,290964,8758,2734.0,78.0,2829.8571428571427,-0.8922337465216291
2021-04-10,293763,8833,2799.0,75.0,2790.4285714285716,-0.8937352602759847
2021-04-11,295480,8885,1717.0,52.0,2738.4285714285716,-0.8957155175462219
2021-04-12,297086,8961,1606.0,76.0,2825.1428571428573,-0.8924132753400847
2021-04-13,301103,9054,4017.0,93.0,2867.0,-0.8908192770428883
2021-04-14,304184,9135,3081.0,81.0,2811.5714285714284,-0.8929301007265477
2021-04-15,308006,9239,3822.0,104.0,2827.5714285714284,-0.8923207907972439
2021-04-16,311033,9330,3027.0,91.0,2827.5714285714284,-0.8923207907972439
2021-04-17,313444,9397,2411.0,67.0,2789.4285714285716,-0.8937733421465662
2021-04-18,315273,9462,1829.0,65.0,2779.285714285714,-0.894159601119607
2021-04-19,316879,9540,1606.0,78.0,2627.0,-0.8999589259824443
2021-04-20,320629,9627,3750.0,87.0,2585.8571428571427,-0.901525722943511
2021-04-21,323639,9713,3010.0,86.0,2612.285714285714,-0.9005192735067147
2021-04-22,326395,9788,2756.0,75.0,2550.8571428571427,-0.9028585884138629
2021-04-23,329134,9864,2739.0,76.0,2508.1428571428573,-0.9044852283144148
2021-04-24,331730,9950,2596.0,86.0,2442.0,-0.9070040720400186
2021-04-25,333129,10007,1399.0,57.0,2407.714285714286,-0.9083097361742409
2021-04-26,334436,10087,1307.0,80.0,2359.0,-0.9101648672982817
2021-04-27,337723,10179,3287.0,92.0,2271.285714285714,-0.9135051913750003
2021-04-28,340493,10242,2770.0,63.0,2098.8571428571427,-0.9200715939166932
2021-04-29,342908,10315,2415.0,73.0,1899.0,-0.9276825277657639
2021-04-30,345033,10381,2125.0,66.0,2018.857142857143,-0.9231181435632119
2021-05-01,346422,10453,1389.0,72.0,1744.7142857142858,-0.9335580163697641
2021-05-02,346422,10453,0.0,0.0,1647.7142857142858,-0.937251957816168
2021-05-03,348568,10587,2146.0,134.0,1791.0,-0.931795369788564
2021-05-04,349936,10668,1368.0,81.0,1869.0,-0.9288249838832083
2021-05-05,352027,10764,2091.0,96.0,2022.142857142857,-0.9229930174170156
2021-05-06,355445,10847,3418.0,83.0,2226.0,-0.915229756085619
2021-05-07,358116,10910,2671.0,63.0,2190.8571428571427,-0.9165680618231967
2021-05-08,360577,10978,2461.0,68.0,2448.5714285714284,-0.906753819747626
2021-05-09,362004,11029,1427.0,51.0,2503.8571428571427,-0.9046484363311926
2021-05-10,363904,11089,1900.0,60.0,2321.1428571428573,-0.9116065381131521
2021-05-11,367076,11141,3172.0,52.0,2252.1428571428573,-0.9142341871832744
2021-05-12,369554,11211,2478.0,70.0,2179.1428571428573,-0.9170141637357228
2021-05-13,371693,11266,2139.0,55.0,2155.1428571428573,-0.9179281286296783
2021-05-14,373881,11322,2188.0,56.0,2083.0,-0.920675463578771
2021-05-15,375831,11365,1950.0,43.0,2027.142857142857,-0.9228026080641081
2021-05-16,377090,11415,1259.0,50.0,2000.5714285714287,-0.9238144977681304
2021-05-17,378485,11471,1395.0,56.0,1964.4285714285713,-0.9251908853762897
2021-05-18,381266,11534,2781.0,63.0,1935.0,-0.9263115804248305
2021-05-19,383558,11587,2292.0,53.0,1871.142857142857,-0.9287433798748195
2021-05-20,385444,11641,1886.0,54.0,1816.2857142857142,-0.9308324424895751
2021-05-21,387426,11697,1982.0,56.0,1813.7142857142858,-0.9309303672996417
2021-05-22,388929,11734,1503.0,37.0,1759.5714285714287,-0.9329922285782678
2021-05-23,389804,11772,875.0,38.0,1648.0,-0.9372410772817161
2021-05-24,391181,11822,1377.0,50.0,1646.5714285714287,-0.9372954799539753
2021-05-25,393583,11872,2402.0,50.0,1638.857142857143,-0.9375892543841754
2021-05-26,395094,11916,1511.0,44.0,1638.0,-0.9376218959875309
2021-05-27,396970,11955,1876.0,39.0,1642.4285714285713,-0.9374532477035272
2021-05-28,398898,11995,1928.0,40.0,1589.2857142857142,-0.9394770271115718
2021-05-29,400395,12024,1497.0,29.0,1511.4285714285713,-0.9424419727497014
2021-05-30,401301,12054,906.0,30.0,1492.5714285714287,-0.9431600880235237
2021-05-31,402306,12095,1005.0,41.0,1397.2857142857142,-0.9467887462632164
2021-06-01,404163,12122,1857.0,27.0,1279.857142857143,-0.9512606459229277
2021-06-02,405542,12145,1379.0,23.0,1199.142857142857,-0.954334396905576
2021-06-03,406751,12184,1209.0,39.0,1152.4285714285713,-0.9561133642884538
2021-06-04,407857,12218,1106.0,34.0,1122.857142857143,-0.9572394996042206
2021-06-05,408789,12253,932.0,35.0,1053.0,-0.9598997902776985
2021-06-06,409368,12277,579.0,24.0,982.5714285714286,-0.96258184202008
2021-06-07,410166,12301,798.0,24.0,917.0,-0.9650789246767801
2021-06-08,411534,12331,1368.0,30.0,871.0,-0.9668306907235283
2021-06-09,412420,12346,886.0,15.0,835.2857142857143,-0.9681907575300098
2021-06-10,413170,12370,750.0,24.0,795.0,-0.969724912887721
2021-06-11,413954,12381,784.0,11.0,747.8571428571429,-0.9715202010722767
2021-06-12,414636,12405,682.0,24.0,665.8571428571429,-0.9746429144599583
2021-06-13,414933,12422,297.0,17.0,617.2857142857143,-0.9764926053167732
2021-06-14,415401,12443,468.0,21.0,583.2857142857143,-0.9777873889165436
2021-06-15,416195,12465,794.0,22.0,536.0,-0.9795881173683252
2021-06-16,416741,12478,546.0,13.0,494.14285714285717,-0.9811821156655215
2021-06-17,417253,12494,512.0,16.0,487.0,-0.9814541290268178
2021-06-18,417706,12514,453.0,20.0,449.57142857142856,-0.9828794790400105
2021-06-19,418095,12534,389.0,20.0,392.57142857142856,-0.985050145663155
2021-06-20,418342,12548,247.0,14.0,387.7142857142857,-0.9852351147488365
2021-06-21,418548,12565,206.0,17.0,379.42857142857144,-0.9855506502479402
2021-06-22,418943,12581,395.0,16.0,369.85714285714283,-0.9859151481520773
2021-06-23,419455,12595,512.0,14.0,367.85714285714283,-0.9859913118932402
2021-06-24,419909,12613,454.0,18.0,366.14285714285717,-0.9860565950999514
2021-06-25,420295,12634,386.0,21.0,388.2857142857143,-0.9852133536799328
2021-06-26,420670,12646,375.0,12.0,412.2857142857143,-0.9842993887859771
2021-06-27,420905,12664,235.0,18.0,428.7142857142857,-0.9836737580549957
2021-06-28,421266,12682,361.0,18.0,468.0,-0.982177684567866
2021-06-29,421829,12695,563.0,13.0,552.8571428571429,-0.9789461658356658
2021-06-30,422456,12706,627.0,11.0,668.1428571428571,-0.9745558701843434
2021-07-01,423185,12710,729.0,4.0,722.7142857142857,-0.9724776881040397
2021-07-02,424165,12722,980.0,12.0,813.8571428571429,-0.9690067976138987
2021-07-03,425347,12731,1182.0,9.0,1045.0,-0.9602044452423503
2021-07-04,425964,12737,617.0,6.0,1214.857142857143,-0.9537359675107241
2021-07-05,426963,12743,999.0,6.0,1405.142857142857,-0.9464895315657905
2021-07-06,429144,12754,2181.0,11.0,1550.4285714285713,-0.9409567797970236
2021-07-07,430960,12763,1816.0,9.0,1714.0,-0.9347276738233382
2021-07-08,433021,12773,2061.0,10.0,1835.0,-0.9301197674829788
2021-07-09,435018,12785,1997.0,12.0,1987.0,-0.9243313231545933
2021-07-10,437345,12787,2327.0,2.0,2234.1428571428573,-0.9149196608537411
2021-07-11,438809,12792,1464.0,5.0,2394.0,-0.9088320018279298
2021-07-12,440872,12802,2063.0,10.0,2498.714285714286,-0.9048442859513259
2021-07-13,444783,12806,3911.0,4.0,2597.4285714285716,-0.901085061298211
2021-07-14,447718,12813,2935.0,7.0,2629.8571428571427,-0.8998501206379257
2021-07-15,450512,12819,2794.0,6.0,2643.285714285714,-0.8993387355186887
2021-07-16,453200,12833,2688.0,14.0,2610.5714285714284,-0.9005845567134257
2021-07-17,455754,12840,2554.0,7.0,2670.0,-0.8983214055474404
2021-07-18,457312,12850,1558.0,10.0,2674.714285714286,-0.8981418767289849
2021-07-19,459146,12858,1834.0,8.0,2647.1428571428573,-0.8991918483035887
2021-07-20,463473,12867,4327.0,9.0,2670.5714285714284,-0.8982996444785368
2021-07-21,466441,12870,2968.0,3.0,2658.8571428571427,-0.8987457463910627
2021-07-22,469042,12875,2601.0,5.0,2658.1428571428573,-0.8987729477271924
2021-07-23,471894,12882,2852.0,7.0,2689.8571428571427,-0.8975652084030368
2021-07-24,474366,12890,2472.0,8.0,2667.4285714285716,-0.8984193303575072
2021-07-25,475919,12898,1553.0,8.0,2653.4285714285716,-0.8989524765456479
2021-07-26,477975,12903,2056.0,5.0,2666.714285714286,-0.8984465316936368
2021-07-27,482145,12911,4170.0,8.0,2665.4285714285716,-0.8984954940986701
2021-07-28,485015,12926,2870.0,15.0,2705.4285714285716,-0.8969722192754108
2021-07-29,487709,12935,2694.0,9.0,2712.5714285714284,-0.8967002059141145
2021-07-30,490552,12948,2843.0,13.0,2726.5714285714284,-0.8961670597259738
2021-07-31,493304,12965,2752.0,17.0,2697.8571428571427,-0.8972605534383848
2021-08-01,494907,12975,1603.0,10.0,2695.714285714286,-0.8973421574467738
2021-08-02,497061,12983,2154.0,8.0,2709.0,-0.8968362125947626
2021-08-03,501030,12997,3969.0,14.0,2720.5714285714284,-0.8963955509494627
2021-08-04,503885,13013,2855.0,16.0,2719.714285714286,-0.8964281925528181
2021-08-05,506672,13026,2787.0,13.0,2755.0,-0.8950844465480144
2021-08-06,509596,13048,2924.0,22.0,2817.714285714286,-0.8926961692358328
2021-08-07,512342,13058,2746.0,10.0,2909.8571428571427,-0.8891871968751105
2021-08-08,514192,13075,1850.0,17.0,2998.0,-0.8858305519967141
2021-08-09,516785,13097,2593.0,22.0,3114.5714285714284,-0.8813912939403583
2021-08-10,521399,13118,4614.0,21.0,3195.8571428571427,-0.8782957818888064
2021-08-11,524871,13138,3472.0,20.0,3270.714285714286,-0.8754450818624211
2021-08-12,528474,13158,3603.0,20.0,3276.1428571428573,-0.8752383517078359
2021-08-13,531967,13182,3493.0,24.0,3221.714285714286,-0.8773110935209137
2021-08-14,535237,13206,3270.0,24.0,3192.8571428571427,-0.8784100275005509
2021-08-15,537125,13223,1888.0,17.0,3187.8571428571427,-0.8786004368534582
2021-08-16,539337,13237,2212.0,14.0,3140.714285714286,-0.8803957250380139
2021-08-17,543749,13253,4412.0,16.0,3155.4285714285716,-0.8798353775137435
2021-08-18,547186,13278,3437.0,25.0,3143.1428571428573,-0.8803032404951732
2021-08-19,550459,13298,3273.0,20.0,3151.5714285714284,-0.8799822647288434
2021-08-20,554055,13328,3596.0,30.0,3210.714285714286,-0.87772999409731
2021-08-21,557239,13351,3184.0,23.0,3294.714285714286,-0.8745311169684655
2021-08-22,559186,13384,1947.0,33.0,3270.1428571428573,-0.8754668429313248
2021-08-23,561812,13422,2626.0,38.0,3306.5714285714284,-0.8740795747887136
2021-08-24,566812,13466,5000.0,44.0,3231.0,-0.8769574761512285
2021-08-25,570077,13509,3265.0,43.0,3213.5714285714284,-0.8776211887527916
2021-08-26,573605,13539,3528.0,30.0,3161.285714285714,-0.8796123265574805
2021-08-27,576672,13561,3067.0,22.0,3120.8571428571427,-0.8811519221824176
2021-08-28,579734,13599,3062.0,38.0,3021.714285714286,-0.8849274676372103
2021-08-29,581315,13636,1581.0,37.0,2965.0,-0.887087253725903
2021-08-30,583658,13656,2343.0,20.0,2866.1428571428573,-0.8908519186462439
2021-08-31,587964,13691,4306.0,35.0,2815.8571428571427,-0.8927668927097699
2021-09-01,590832,13743,2868.0,52.0,2704.714285714286,-0.8969994206115405
2021-09-02,593668,13777,2836.0,34.0,2662.285714285714,-0.8986151799776405
2021-09-03,596383,13813,2715.0,36.0,2579.714285714286,-0.9017596544342258
2021-09-04,598667,13843,2284.0,30.0,2456.285714285714,-0.906460045317426
2021-09-05,599951,13886,1284.0,43.0,2360.5714285714284,-0.9101050243587965
2021-09-06,601716,13933,1765.0,47.0,2264.4285714285716,-0.9137663242018448
2021-09-07,605158,13971,3442.0,38.0,2180.714285714286,-0.9169543207962375
2021-09-08,607356,14014,2198.0,43.0,2167.285714285714,-0.9174657059154746
2021-09-09,609519,14060,2163.0,46.0,2172.285714285714,-0.9172752965625671
2021-09-10,611648,14102,2129.0,42.0,2149.8571428571427,-0.9181294185170376
2021-09-11,613838,14141,2190.0,39.0,2171.0,-0.9173242589676005
2021-09-12,615157,14169,1319.0,28.0,2200.714285714286,-0.9161926833846079
2021-09-13,616765,14223,1608.0,54.0,2223.4285714285716,-0.9153276808956856
2021-09-14,620355,14268,3590.0,45.0,2238.0,-0.9147727736386412
2021-09-15,622761,14311,2406.0,43.0,2237.1428571428573,-0.9148054152419967
2021-09-16,625083,14354,2322.0,43.0,2232.4285714285716,-0.9149849440604523
2021-09-17,627314,14394,2231.0,40.0,2306.1428571428573,-0.9121777661718744
2021-09-18,629498,14433,2184.0,39.0,2320.1428571428573,-0.9116446199837336
2021-09-19,630784,14466,1286.0,33.0,2308.5714285714284,-0.9120852816290337
2021-09-20,632908,14505,2124.0,39.0,2277.0,-0.9132875806859633
2021-09-21,636596,14548,3688.0,43.0,2248.714285714286,-0.9143647535966967
2021-09-22,638921,14575,2325.0,27.0,2195.8571428571427,-0.9163776524702894
2021-09-23,641022,14606,2101.0,31.0,2169.285714285714,-0.9173895421743116
2021-09-24,643055,14639,2033.0,33.0,2169.0,-0.9174004227087634
2021-09-25,644869,14655,1814.0,16.0,2111.714285714286,-0.9195819698663599
2021-09-26,645969,14679,1100.0,24.0,2087.714285714286,-0.9204959347603154
2021-09-27,648091,14727,2122.0,48.0,2106.4285714285716,-0.9197832597537191
2021-09-28,651378,14751,3287.0,24.0,2187.5714285714284,-0.916693187969393
2021-09-29,653535,14795,2157.0,44.0,2185.285714285714,-0.9167802322450078
2021-09-30,655767,14828,2232.0,33.0,2191.285714285714,-0.9165517410215189
2021-10-01,658368,14860,2601.0,32.0,2191.714285714286,-0.9165354202198412
2021-10-02,660166,14889,1798.0,29.0,2162.714285714286,-0.9176397944667042
2021-10-03,661308,14920,1142.0,31.0,2182.285714285714,-0.9168944778567523
2021-10-04,663433,14956,2125.0,36.0,2181.8571428571427,-0.9169107986584302
2021-10-05,666517,14991,3084.0,35.0,2135.5714285714284,-0.9186734452396301
2021-10-06,668811,15012,2294.0,21.0,2187.5714285714284,-0.916693187969393
2021-10-07,671040,15042,2229.0,30.0,2213.0,-0.9157248204031783
2021-10-08,673317,15069,2277.0,27.0,2246.285714285714,-0.9144572381395374
2021-10-09,675479,15105,2162.0,36.0,2268.1428571428573,-0.9136248772539707
2021-10-10,676799,15135,1320.0,30.0,2270.714285714286,-0.913526952443904
2021-10-11,679157,15177,2358.0,42.0,2319.714285714286,-0.9116609407854114
2021-10-12,682394,15210,3237.0,33.0,2368.4285714285716,-0.9098058096613706
2021-10-13,684706,15241,2312.0,31.0,2388.285714285714,-0.9090496125169668
2021-10-14,687278,15289,2572.0,48.0,2441.0,-0.9070421539106001
2021-10-15,689896,15317,2618.0,28.0,2553.714285714286,-0.9027497830693444
2021-10-16,692197,15348,2301.0,31.0,2652.1428571428573,-0.8990014389506813
2021-10-17,693886,15375,1689.0,27.0,2786.4285714285716,-0.8938875877583107
2021-10-18,697033,15418,3147.0,43.0,2901.285714285714,-0.889513612908666
2021-10-19,700959,15447,3926.0,29.0,3033.1428571428573,-0.8844922462591362
2021-10-20,704211,15485,3252.0,38.0,3155.1428571428573,-0.8798462580481954
2021-10-21,707587,15519,3376.0,34.0,3210.285714285714,-0.8777463148989878
2021-10-22,711128,15555,3541.0,36.0,3323.1428571428573,-0.8734485037905062
2021-10-23,714283,15598,3155.0,43.0,3373.1428571428573,-0.871544410261432
2021-10-24,716358,15628,2075.0,30.0,3428.4285714285716,-0.8694390268449986
2021-10-25,720295,15682,3937.0,54.0,3368.5714285714284,-0.8717184988126617
2021-10-26,724571,15707,4276.0,25.0,3378.5714285714284,-0.8713376801068469
2021-10-27,728210,15770,3639.0,63.0,3595.0,-0.8630956752595688
2021-10-28,731167,15801,2957.0,31.0,3687.4285714285716,-0.8595758223643946
2021-10-29,734778,15856,3611.0,55.0,3900.0,-0.8514807047322165
2021-10-30,739448,15894,4670.0,38.0,4268.571428571428,-0.837444815289327
2021-10-31,742170,15938,2722.0,44.0,4626.0,-0.8238332666900599
2021-11-01,747595,15990,5425.0,52.0,5172.714285714285,-0.8030133640164405
2021-11-02,754451,16050,6856.0,60.0,5641.0,-0.7851801680498546
2021-11-03,760592,16109,6141.0,59.0,5881.857142857143,-0.7760078775069431
2021-11-04,767376,16151,6784.0,42.0,6104.857142857143,-0.7675156203672724
2021-11-05,774265,16200,6889.0,49.0,6377.714285714285,-0.7571247099657535
2021-11-06,780621,16243,6356.0,43.0,6679.571428571428,-0.7456294253173716
2021-11-07,784904,16295,4283.0,52.0,6815.0,-0.7404720519871937
2021-11-08,792239,16361,7335.0,66.0,6813.142857142857,-0.7405427754611307
2021-11-09,801208,16414,8969.0,53.0,6805.0,-0.7408528706930084
2021-11-10,808297,16493,7089.0,79.0,6773.0,-0.7420714905516159
2021-11-11,815068,16560,6771.0,67.0,6710.0,-0.7444706483982493
2021-11-12,821900,16616,6832.0,56.0,6655.0,-0.7465651512802309
2021-11-13,828032,16686,6132.0,70.0,6568.571428571428,-0.7498565129519161
2021-11-14,831874,16766,3842.0,80.0,6506.285714285715,-0.75222846946242
2021-11-15,838824,16838,6950.0,72.0,6578.428571428572,-0.7494811345133273
2021-11-16,847188,16923,8364.0,85.0,6709.714285714285,-0.7444815289327011
2021-11-17,853841,17012,6653.0,89.0,6682.857142857143,-0.7455042991711753
2021-11-18,861117,17075,7276.0,63.0,6720.857142857143,-0.744057188089079
2021-11-19,868868,17168,7751.0,93.0,6769.0,-0.7422238180339418
2021-11-20,874812,17237,5944.0,69.0,6766.714285714285,-0.7423108623095567
2021-11-21,878920,17313,4108.0,76.0,6831.428571428572,-0.7398464212562121
2021-11-22,886207,17425,7287.0,112.0,6729.285714285715,-0.7437362123227493
2021-11-23,894555,17517,8348.0,92.0,6565.142857142857,-0.7499870793653385
2021-11-24,901661,17612,7106.0,95.0,6553.0,-0.7504495020795421
2021-11-25,908222,17693,6561.0,81.0,6512.285714285715,-0.751999978238931
2021-11-26,914824,17779,6602.0,86.0,6425.142857142857,-0.755318541246746
2021-11-27,920683,17861,5859.0,82.0,6335.428571428572,-0.7587350290646276
2021-11-28,924506,17959,3823.0,98.0,6204.857142857143,-0.7637074333091242
2021-11-29,931183,18067,6677.0,108.0,6161.285714285715,-0.7653667148130316
2021-11-30,938903,18157,7720.0,90.0,6104.0,-0.767548261970628
2021-12-01,945095,18234,6192.0,77.0,6001.714285714285,-0.7714434933043911
2021-12-02,951351,18325,6256.0,91.0,5959.285714285715,-0.7730592526704911
2021-12-03,957552,18427,6201.0,102.0,5709.285714285715,-0.7825797203158619
2021-12-04,962695,18516,5143.0,89.0,5642.714285714285,-0.7851148848431435
2021-12-05,966221,18595,3526.0,79.0,5600.857142857143,-0.7867088831403398
2021-12-06,971148,18716,4927.0,121.0,5494.714285714285,-0.790751001689203
2021-12-07,978402,18815,7254.0,99.0,5335.571428571428,-0.7968114593788846
2021-12-08,984301,18901,5899.0,86.0,5279.571428571428,-0.7989440441314477
2021-12-09,989814,18982,5513.0,81.0,5236.571428571428,-0.8005815645664516
2021-12-10,994901,19085,5087.0,103.0,5079.714285714285,-0.8065549779805185
2021-12-11,999652,19157,4751.0,72.0,4893.857142857143,-0.8136327656414483
2021-12-12,1002877,19248,3225.0,91.0,4734.857142857143,-0.8196877830639041
2021-12-13,1006706,19345,3829.0,97.0,4618.142857142857,-0.8241324813874857
2021-12-14,1012659,19475,5953.0,130.0,4571.571428571428,-0.8259060085031377
2021-12-15,1017445,19553,4786.0,78.0,4512.428571428572,-0.8281582791346711
2021-12-16,1022141,19651,4696.0,98.0,4456.142857142857,-0.830301744421686
2021-12-17,1026902,19736,4761.0,85.0,4436.142857142857,-0.8310633818333156
2021-12-18,1031239,19799,4337.0,63.0,4520.285714285715,-0.8278590644372451
2021-12-19,1034070,19891,2831.0,92.0,4641.571428571428,-0.8232402775624339
2021-12-20,1037759,19976,3689.0,85.0,4920.285714285715,-0.812626316204652
2021-12-21,1044301,20055,6542.0,79.0,5334.428571428572,-0.7968549815166921
2021-12-22,1049936,20126,5635.0,71.0,5656.285714285715,-0.7845980594566805
2021-12-23,1056583,20198,6647.0,72.0,5828.428571428572,-0.7780425374494395
2021-12-24,1064243,20292,7660.0,94.0,6627.714285714285,-0.7476042423203828
2021-12-25,1070833,20350,6590.0,58.0,8797.714285714286,-0.6649665831585647
2021-12-26,1074869,20429,4036.0,79.0,12111.0,-0.5387904653876598
2021-12-27,1084153,20496,9284.0,67.0,16244.285714285714,-0.3813872137399389
2021-12-28,1105885,20557,21732.0,61.0,20944.285714285714,-0.202402422006969
2021-12-29,1134713,20636,28828.0,79.0,24289.85714285714,-0.07499680384300489
2021-12-30,1170293,20708,35580.0,72.0,26232.285714285714,-0.0010254903720871011
2021-12-31,1210853,20790,40560.0,82.0,30084.0,0.14565499457333342
2022-01-01,1240862,20849,30009.0,59.0,34148.28571428572,0.30043059715093223
2022-01-02,1258495,20910,17633.0,61.0,36228.0,0.37963000742596464
2022-01-03,1294741,20990,36246.0,80.0,35961.0,0.36946214798070875
2022-01-04,1344923,21053,50182.0,63.0,34357.28571428572,0.308389708102462
2022-01-05,1388309,21115,43386.0,62.0,35451.71428571428,0.3500675953202821
2022-01-06,1422020,21185,33711.0,70.0,35588.71428571428,0.3552848115899452
2022-01-07,1451354,21263,29334.0,78.0,34377.28571428572,0.30915134551409174
2022-01-08,1489024,21328,37670.0,65.0,31898.85714285714,0.21476814941149902
2022-01-09,1507616,21394,18592.0,66.0,29164.428571428572,0.11063599444004701
2022-01-10,1535382,21479,27766.0,85.0,27264.14285714286,0.0382695598007774
2022-01-11,1568215,21559,32833.0,80.0,25898.14285714286,-0.013750275413528246
2022-01-12,1592460,21637,24245.0,78.0,23009.14285714286,-0.12376879952343256
2022-01-13,1612869,21732,20409.0,95.0,21893.571428571428,-0.1662518462906899
2022-01-14,1632641,21809,19772.0,77.0,20617.571428571428,-0.21484431315266206
2022-01-15,1650088,21888,17447.0,79.0,19311.571428571428,-0.2645792361320789
2022-01-16,1660871,21984,10783.0,96.0,18719.428571428572,-0.2871291437835426
2022-01-17,1679705,22087,18834.0,103.0,18499.14285714286,-0.29551803584592073
2022-01-18,1703396,22197,23691.0,110.0,18604.14285714286,-0.291519439434865
2022-01-19,1723496,22285,20100.0,88.0,18730.714285714286,-0.28669936267269447
2022-01-20,1742363,22366,18867.0,81.0,18920.0,-0.2794910085983424
2022-01-21,1762870,22476,20507.0,110.0,18954.14285714286,-0.27819078473134595
2022-01-22,1781203,22549,18333.0,73.0,18123.85714285714,-0.30980961784842875
2022-01-23,1793311,22635,12108.0,86.0,17818.14285714286,-0.3214517897119106
2022-01-24,1812384,22748,19073.0,113.0,17938.85714285714,-0.3168547639060031
2022-01-25,1830263,22852,17879.0,104.0,18203.714285714286,-0.30676850846913595
2022-01-26,1848223,22970,17960.0,118.0,18382.428571428572,-0.29996273416950237
2022-01-27,1867935,23083,19712.0,113.0,18240.14285714286,-0.3053812403265248
2022-01-28,1890296,23195,22361.0,112.0,18334.14285714286,-0.30180154449186536
2022-01-29,1909880,23275,19584.0,80.0,19350.85714285714,-0.26308316264494924
2022-01-30,1920992,23372,11112.0,97.0,19474.428571428572,-0.258377331494523
2022-01-31,1940723,23500,19731.0,128.0,19181.571428571428,-0.2695298793076717
2022-02-01,1965719,23608,24996.0,108.0,18650.0,-0.28977311365534275
2022-02-02,1984544,23721,18825.0,113.0,18141.285714285714,-0.3091459052468658
2022-02-03,2002206,23833,17662.0,112.0,18122.428571428572,-0.30986402052068795
2022-02-04,2020846,23927,18640.0,94.0,17996.14285714286,-0.31467321674840665
2022-02-05,2036869,23999,16023.0,72.0,17809.14285714286,-0.3217945265471439
2022-02-06,2047849,24094,10980.0,95.0,17922.14285714286,-0.3174912751714364
2022-02-07,2066696,24210,18847.0,116.0,18135.285714285714,-0.3093743964703547
2022-02-08,2090383,24322,23687.0,112.0,17993.14285714286,-0.3147874623601511
2022-02-09,2109999,24410,19616.0,88.0,18053.0,-0.3125079903924881
2022-02-10,2129153,24507,19154.0,97.0,18034.85714285714,-0.3131989043301807
2022-02-11,2146798,24609,17645.0,102.0,18251.0,-0.3049677800173545
2022-02-12,2163240,24679,16442.0,70.0,18004.0,-0.31437400205098076
2022-02-13,2174093,24754,10853.0,75.0,17988.714285714286,-0.31495611064415485
2022-02-14,2194453,24836,20360.0,82.0,18038.285714285714,-0.3130683379167585
2022-02-15,2216411,24917,21958.0,81.0,18175.285714285714,-0.3078511216470954
2022-02-16,2235920,25001,19509.0,84.0,18012.85714285714,-0.31403670548297336
2022-02-17,2255421,25095,19501.0,94.0,17833.285714285714,-0.3208751213859625
2022-02-18,2274025,25183,18604.0,88.0,17508.714285714286,-0.3332354085232666
2022-02-19,2289330,25260,15305.0,77.0,17172.0,-0.3460581183747746
2022-02-20,2298926,25327,9596.0,67.0,16808.14285714286,-0.35991447899920836
2022-02-21,2317014,25417,18088.0,90.0,16282.142857142857,-0.37994554292506855
2022-02-22,2336615,25485,19601.0,68.0,15897.0,-0.3946125033661654
2022-02-23,2353577,25538,16962.0,53.0,15408.142857142857,-0.41322909781328465
2022-02-24,2369396,25603,15819.0,65.0,15210.714285714286,-0.42074754711951445
2022-02-25,2385304,25668,15908.0,65.0,14950.0,-0.4306760348068297
2022-02-26,2397187,25719,11883.0,51.0,14608.142857142857,-0.443694594278471
2022-02-27,2405401,25785,8214.0,66.0,14407.42857142857,-0.45133816973089724
2022-02-28,2421664,25860,16263.0,75.0,14402.285714285714,-0.45153401935103055
2022-03-01,2438872,25914,17208.0,54.0,14422.57142857143,-0.45076150140494897
2022-03-02,2454429,25972,15557.0,58.0,14581.714285714286,-0.4447010437152673
2022-03-03,2470212,26036,15783.0,64.0,14724.42857142857,-0.4392662167565671
2022-03-04,2486262,26092,16050.0,56.0,13635.285714285714,-0.480742814087028
2022-03-05,2499259,26143,12997.0,51.0,14185.142857142857,-0.4598032255344383
2022-03-06,2508472,26194,9213.0,51.0,15296.285714285714,-0.41748882705118484
2022-03-07,2517111,26246,8639.0,52.0,16164.857142857143,-0.3844120023175538
2022-03-08,2538168,26303,21057.0,57.0,16909.14285714286,-0.3560682100704786
2022-03-09,2561503,26366,23335.0,63.0,17767.0,-0.3233994053787922
2022-03-10,2583366,26424,21863.0,58.0,18163.14285714286,-0.308313544361299
2022-03-11,2604626,26473,21260.0,49.0,20169.285714285714,-0.2319158717076183
2022-03-12,2623628,26513,19002.0,40.0,20964.0,-0.20165166512979116
2022-03-13,2635614,26562,11986.0,49.0,21015.285714285714,-0.19969860919568372
2022-03-14,2658296,26635,22682.0,73.0,21357.14285714286,-0.1866800497240424
2022-03-15,2684916,26686,26620.0,51.0,21694.428571428572,-0.17383557880363076
2022-03-16,2708610,26730,23694.0,44.0,21794.85714285714,-0.17001107094380485
2022-03-17,2732866,26792,24256.0,62.0,21862.85714285714,-0.167421503744264
2022-03-18,2756487,26847,23621.0,55.0,21983.714285714286,-0.16281903767113037
2022-03-19,2776192,26893,19705.0,46.0,21996.428571428572,-0.16233485388802293
2022-03-20,2788654,26937,12462.0,44.0,21911.85714285714,-0.16555549208577136
2022-03-21,2812182,26995,23528.0,58.0,21604.85714285714,-0.17724662635428656
2022-03-22,2838891,27029,26709.0,34.0,20549.571428571428,-0.2174338803522029
2022-03-23,2861993,27083,23102.0,54.0,20100.0,-0.23455440131219252
2022-03-24,2884100,27125,22107.0,42.0,20238.14285714286,-0.22929366290472186
2022-03-25,2900334,27160,16234.0,35.0,20804.0,-0.2077447644228284
2022-03-26,2916892,27216,16558.0,56.0,21141.571428571428,-0.19488941296796503
2022-03-27,2930321,27268,13429.0,52.0,21048.571428571428,-0.19843102693204295
2022-03-28,2957810,27341,27489.0,73.0,20904.14285714286,-0.20393113709745414
2022-03-29,2986882,27392,29072.0,51.0,21599.571428571428,-0.1774479162416458
2022-03-30,3009333,27454,22451.0,62.0,21494.571428571428,-0.1814465126527015
2022-03-31,3030429,27510,21096.0,56.0,21055.714285714286,-0.1981590135707466
2022-04-01,3051531,27571,21102.0,61.0,19760.714285714286,-0.24747503597376708
2022-04-02,3067354,27623,15823.0,52.0,18244.14285714286,-0.30522891284419884
2022-04-03,3077711,27684,10357.0,61.0,16789.0,-0.3606434748074826
2022-04-04,3096135,27746,18424.0,62.0,15326.42857142857,-0.41634093066651434
2022-04-05,3114591,27816,18456.0,70.0,14420.857142857143,-0.45082678461166015
2022-04-06,3126856,27892,12265.0,76.0,13948.714285714286,-0.468806867793346
2022-04-07,3137714,27968,10858.0,76.0,13702.714285714286,-0.4781750079563908
2022-04-08,3152477,28025,14763.0,57.0,12060.142857142857,-0.5407272005200896
2022-04-09,3164995,28076,12518.0,51.0,11613.714285714286,-0.5577280356011087
2022-04-10,3173630,28130,8635.0,54.0,11441.714285714286,-0.5642781173411238
2022-04-11,3180556,28205,6926.0,75.0,11220.285714285714,-0.5727105315413094
2022-04-12,3195887,28274,15331.0,69.0,10286.0,-0.6082898791988662
2022-04-13,3206948,28344,11061.0,70.0,9643.0,-0.6327765219827598
2022-04-14,3216256,28406,9308.0,62.0,9219.857142857143,-0.648890593505953
2022-04-15,3224479,28488,8223.0,82.0,8783.0,-0.6655269306828351
2022-04-16,3232496,28537,8017.0,49.0,8051.571428571428,-0.693381098879577
2022-04-17,3238169,28588,5673.0,51.0,7523.571428571428,-0.7134883265466
2022-04-18,3242037,28652,3868.0,64.0,7158.857142857143,-0.7273773287743894
2022-04-19,3252248,28701,10211.0,49.0,6986.142857142857,-0.7339546118505341
2022-04-20,3259613,28765,7365.0,64.0,6437.285714285715,-0.7548561185325423
2022-04-21,3266368,28808,6755.0,43.0,5626.857142857143,-0.7857187545052213
2022-04-22,3273382,28839,7014.0,31.0,6276.142857142857,-0.760992739963387
2022-04-23,3277557,28867,4175.0,28.0,5521.0,-0.7897499925196325
2022-04-24,3277557,28867,0.0,0.0,6109.857142857143,-0.767325211014365
2022-04-25,3285970,28933,8413.0,66.0,6227.714285714285,-0.7628369905529759
2022-04-26,3290895,28976,4925.0,43.0,6291.857142857143,-0.7603943105685351
2022-04-27,3302382,29022,11487.0,46.0,6623.571428571428,-0.7477620100699347
2022-04-28,3309962,29073,7580.0,51.0,7295.142857142857,-0.7221873138408559
2022-04-29,3317425,29114,7463.0,41.0,6474.0,-0.7534579698554793
2022-04-30,3323922,29153,6497.0,39.0,6379.285714285715,-0.7570648670262683
2022-05-01,3328623,29175,4701.0,22.0,5883.285714285715,-0.7759534748346839
2022-05-02,3331288,29205,2665.0,30.0,5542.0,-0.7889502732374214
2022-05-03,3335550,29249,4262.0,44.0,5208.714285714285,-0.8016424166755072
2022-05-04,3343565,29284,8015.0,35.0,4951.714285714285,-0.8114294574149482
2022-05-05,3348756,29315,5191.0,31.0,4736.571428571428,-0.819622499857193
2022-05-06,3353886,29349,5130.0,34.0,4758.571428571428,-0.8187846987044004
2022-05-07,3358584,29369,4698.0,20.0,5071.571428571428,-0.8068650732123962
2022-05-08,3361779,29392,3195.0,23.0,4606.714285714285,-0.8245677027655598
2022-05-09,3364598,29417,2819.0,25.0,4548.285714285715,-0.8267927720609636
2022-05-10,3371051,29444,6453.0,27.0,4442.285714285715,-0.8308294503426008
2022-05-11,3375812,29471,4761.0,27.0,4388.857142857143,-0.8328641102850972
2022-05-12,3380594,29491,4782.0,20.0,4399.428571428572,-0.8324615305103786
2022-05-13,3384982,29521,4388.0,30.0,4434.714285714285,-0.8311177845055749
2022-05-14,3389306,29536,4324.0,15.0,4410.857142857143,-0.8320263091323046
2022-05-15,3392575,29547,3269.0,11.0,4391.571428571428,-0.8327607452078046
2022-05-16,3395641,29576,3066.0,29.0,4269.571428571428,-0.8374067334187455
2022-05-17,3401927,29599,6286.0,23.0,4172.428571428572,-0.8411061151323753
2022-05-18,3406553,29619,4626.0,20.0,4043.8571428571427,-0.8460023556357088
2022-05-19,3410481,29642,3928.0,23.0,3917.5714285714284,-0.8508115518634276
2022-05-20,3414189,29658,3708.0,16.0,3798.8571428571427,-0.8553324139281722
2022-05-21,3417613,29679,3424.0,21.0,3704.285714285714,-0.8589338708317352
2022-05-22,3419998,29690,2385.0,11.0,3635.0,-0.8615724004363094
2022-05-23,3422233,29711,2235.0,21.0,3652.1428571428573,-0.8609195683691983
2022-05-24,3427857,29725,5624.0,14.0,3654.8571428571427,-0.8608162032919057
2022-05-25,3431998,29743,4141.0,18.0,3621.4285714285716,-0.8620892258227724
2022-05-26,3436046,29756,4048.0,13.0,3648.5714285714284,-0.8610555750498464
2022-05-27,3439773,29771,3727.0,15.0,3672.1428571428573,-0.8601579309575687
2022-05-28,3442963,29784,3190.0,13.0,3624.5714285714284,-0.8619695399438021
2022-05-29,3445538,29803,2575.0,19.0,3608.285714285714,-0.8625897304075576
2022-05-30,3447938,29828,2400.0,25.0,3568.4285714285716,-0.864107564963591
2022-05-31,3453229,29845,5291.0,17.0,3556.1428571428573,-0.8645754279450206
2022-06-01,3457256,29857,4027.0,12.0,3573.714285714286,-0.8639062750762317
2022-06-02,3461025,29869,3769.0,12.0,3586.0,-0.8634384120948021
2022-06-03,3464666,29886,3641.0,17.0,3600.4285714285716,-0.8628889451049836
2022-06-04,3467979,29901,3313.0,15.0,3650.0,-0.8610011723775872
2022-06-05,3470640,29913,2661.0,12.0,3717.0,-0.8584496870486278
2022-06-06,3473141,29927,2501.0,14.0,3821.4285714285716,-0.8544728517064758
2022-06-07,3478779,29951,5638.0,24.0,3943.1428571428573,-0.8498377440299867
2022-06-08,3483275,29966,4496.0,15.0,4118.285714285715,-0.8431679764110013
2022-06-09,3487775,29976,4500.0,10.0,4264.142857142857,-0.8376134635733308
2022-06-10,3492268,29997,4493.0,21.0,3906.8571428571427,-0.851219571905372
2022-06-11,3496807,30012,4539.0,15.0,4261.571428571428,-0.8377113883833974
2022-06-12,3500489,30020,3682.0,8.0,4946.142857142857,-0.8116416278367593
2022-06-13,3500489,30020,0.0,0.0,5325.857142857143,-0.7971813975502476
2022-06-14,3508610,30033,8121.0,13.0,5713.142857142857,-0.782432833100762
2022-06-15,3517898,30049,9288.0,16.0,6088.0,-0.7681575718999317
2022-06-16,3525056,30057,7158.0,8.0,6374.714285714285,-0.757238955577498
2022-06-17,3532260,30070,7204.0,13.0,7065.0,-0.7309515843418228
2022-06-18,3539423,30079,7163.0,9.0,7702.0,-0.7066934327814183
2022-06-19,3545112,30087,5689.0,8.0,7879.142857142857,-0.6999475014212698
2022-06-20,3549944,30099,4832.0,12.0,8352.857142857143,-0.6819075753000987
2022-06-21,3562524,30115,12580.0,16.0,9034.0,-0.6559683811668829
2022-06-22,3573052,30124,10528.0,9.0,9736.714285714286,-0.6292077066825522
2022-06-23,3583526,30141,10474.0,17.0,10251.714285714286,-0.6095955433330885
2022-06-24,3595498,30154,11972.0,13.0,10658.857142857143,-0.594090781739199
2022-06-25,3607580,30162,12082.0,8.0,11766.42857142857,-0.5519123899365938
2022-06-26,3616874,30178,9294.0,16.0,12564.57142857143,-0.5215176169453444
2022-06-27,3624556,30190,7682.0,12.0,13282.285714285714,-0.4941857144022914
2022-06-28,3644889,30206,20333.0,16.0,13839.0,-0.47298499302285735
2022-06-29,3661004,30218,16115.0,12.0,14375.714285714286,-0.45254590905505276
2022-06-30,3676502,30232,15498.0,14.0,14709.285714285714,-0.43984288508251523
2022-07-01,3692371,30250,15869.0,18.0,14949.0,-0.4307141166774112
2022-07-02,3708210,30276,15839.0,26.0,15740.714285714286,-0.40056415571132853
2022-07-03,3719839,30302,11629.0,26.0,16196.142857142857,-0.38322058379507606
2022-07-04,3729199,30327,9360.0,25.0,16596.0,-0.36799327582970875
2022-07-05,3755074,30349,25875.0,22.0,17035.85714285714,-0.35124269304108224
2022-07-06,3774377,30371,19303.0,22.0,17375.14285714286,-0.3383220583795076
2022-07-07,3792674,30400,18297.0,29.0,17614.714285714286,-0.3291987302416295
2022-07-08,3811622,30422,18948.0,22.0,16277.57142857143,-0.3801196314762981
2022-07-09,3829836,30448,18214.0,26.0,12581.142857142857,-0.520886545947137
2022-07-10,3843142,30476,13306.0,28.0,9823.57142857143,-0.6259000242091891
2022-07-11,3843142,30476,0.0,0.0,7209.714285714285,-0.7254405936419597
2022-07-12,3843142,30476,0.0,0.0,4502.857142857143,-0.8285227770388082
2022-07-13,3843142,30476,0.0,0.0,1900.857142857143,-0.9276118042918268
2022-07-14,3843142,30476,0.0,0.0,0.0,-1.0
2022-07-15,3843142,30476,0.0,0.0,0.0,-1.0
2022-07-16,3843142,30476,0.0,0.0,52518.42857142857,1.0
2022-07-17,3843142,30476,0.0,0.0,52518.42857142857,1.0
2022-07-18,3843142,30476,0.0,0.0,52518.42857142857,1.0
2022-07-19,4210771,30707,367629.0,231.0,52518.42857142857,1.0
2022-07-20,4210771,30707,0.0,0.0,52518.42857142857,1.0
2022-07-21,4210771,30707,0.0,0.0,52518.42857142857,1.0
2022-07-22,4210771,30707,0.0,0.0,52518.42857142857,1.0
2022-07-23,4210771,30707,0.0,0.0,0.0,-1.0
2022-07-24,4210771,30707,0.0,0.0,19807.428571428572,-0.2456960685908891
2022-07-25,4210771,30707,0.0,0.0,19807.428571428572,-0.2456960685908891
2022-07-26,4210771,30707,0.0,0.0,19807.428571428572,-0.2456960685908891
2022-07-27,4349423,30999,138652.0,292.0,19807.428571428572,-0.2456960685908891
2022-07-28,4349423,30999,0.0,0.0,19807.428571428572,-0.2456960685908891
2022-07-29,4349423,30999,0.0,0.0,19807.428571428572,-0.2456960685908891
2022-07-30,4349423,30999,0.0,0.0,37692.142857142855,0.43538730622448174
2022-07-31,4349423,30999,0.0,0.0,17884.714285714286,-0.31891662518462904
2022-08-01,4349423,30999,0.0,0.0,17884.714285714286,-0.31891662518462904
2022-08-02,4474616,31377,125193.0,378.0,17884.714285714286,-0.31891662518462904
2022-08-03,4474616,31377,0.0,0.0,17884.714285714286,-0.31891662518462904
2022-08-04,4474616,31377,0.0,0.0,17884.714285714286,-0.31891662518462904
2022-08-05,4474616,31377,0.0,0.0,17884.714285714286,-0.31891662518462904
2022-08-06,4474616,31377,0.0,0.0,14722.714285714286,-0.43933149996327814
2022-08-07,4474616,31377,0.0,0.0,14722.714285714286,-0.43933149996327814
2022-08-08,4474616,31377,0.0,0.0,14722.714285714286,-0.43933149996327814
2022-08-09,4577675,31722,103059.0,345.0,14722.714285714286,-0.43933149996327814
2022-08-10,4577675,31722,0.0,0.0,14722.714285714286,-0.43933149996327814
2022-08-11,4577675,31722,0.0,0.0,14722.714285714286,-0.43933149996327814
2022-08-12,4577675,31722,0.0,0.0,14722.714285714286,-0.43933149996327814
2022-08-13,4577675,31722,0.0,0.0,11008.857142857143,-0.58076212703568
2022-08-14,4577675,31722,0.0,0.0,11008.857142857143,-0.58076212703568
2022-08-15,4577675,31722,0.0,0.0,11008.857142857143,-0.58076212703568
2022-08-16,4654737,32028,77062.0,306.0,11008.857142857143,-0.58076212703568
2022-08-17,4654737,32028,0.0,0.0,11008.857142857143,-0.58076212703568
2022-08-18,4654737,32028,0.0,0.0,11008.857142857143,-0.58076212703568
2022-08-19,4654737,32028,0.0,0.0,11008.857142857143,-0.58076212703568
2022-08-20,4654737,32028,0.0,0.0,8184.0,-0.6883379711611435
2022-08-21,4654737,32028,0.0,0.0,8184.0,-0.6883379711611435
2022-08-22,4654737,32028,0.0,0.0,8184.0,-0.6883379711611435
2022-08-23,4712025,32335,57288.0,307.0,8184.0,-0.6883379711611435
2022-08-24,4712025,32335,0.0,0.0,8184.0,-0.6883379711611435
2022-08-25,4712025,32335,0.0,0.0,8184.0,-0.6883379711611435
2022-08-26,4712025,32335,0.0,0.0,8184.0,-0.6883379711611435
2022-08-27,4712025,32335,0.0,0.0,7257.428571428572,-0.7236235443885004
2022-08-28,4712025,32335,0.0,0.0,7257.428571428572,-0.7236235443885004
2022-08-29,4712025,32335,0.0,0.0,7257.428571428572,-0.7236235443885004
2022-08-30,4762827,32552,50802.0,217.0,7257.428571428572,-0.7236235443885004
2022-08-31,4762827,32552,0.0,0.0,7257.428571428572,-0.7236235443885004
2022-09-01,4762827,32552,0.0,0.0,7257.428571428572,-0.7236235443885004
2022-09-02,4762827,32552,0.0,0.0,7257.428571428572,-0.7236235443885004
2022-09-03,4762827,32552,0.0,0.0,6022.142857142857,-0.7706655350910837
2022-09-04,4762827,32552,0.0,0.0,6022.142857142857,-0.7706655350910837
2022-09-05,4762827,32552,0.0,0.0,6022.142857142857,-0.7706655350910837
2022-09-06,4804982,32757,42155.0,205.0,6022.142857142857,-0.7706655350910837
2022-09-07,4804982,32757,0.0,0.0,6022.142857142857,-0.7706655350910837
2022-09-08,4804982,32757,0.0,0.0,6022.142857142857,-0.7706655350910837
2022-09-09,4804982,32757,0.0,0.0,6022.142857142857,-0.7706655350910837
2022-09-10,4804982,32757,0.0,0.0,4832.714285714285,-0.8159612000141447
2022-09-11,4804982,32757,0.0,0.0,4832.714285714285,-0.8159612000141447
2022-09-12,4804982,32757,0.0,0.0,4832.714285714285,-0.8159612000141447
2022-09-13,4838811,32894,33829.0,137.0,4832.714285714285,-0.8159612000141447
2022-09-14,4838811,32894,0.0,0.0,4832.714285714285,-0.8159612000141447
2022-09-15,4838811,32894,0.0,0.0,4832.714285714285,-0.8159612000141447
2022-09-16,4838811,32894,0.0,0.0,4832.714285714285,-0.8159612000141447
2022-09-17,4838811,32894,0.0,0.0,5200.571428571428,-0.8019525119073849
2022-09-18,4838811,32894,0.0,0.0,5200.571428571428,-0.8019525119073849
2022-09-19,4838811,32894,0.0,0.0,5200.571428571428,-0.8019525119073849
2022-09-20,4875215,33010,36404.0,116.0,5200.571428571428,-0.8019525119073849
2022-09-21,4875215,33010,0.0,0.0,5200.571428571428,-0.8019525119073849
2022-09-22,4875215,33010,0.0,0.0,5200.571428571428,-0.8019525119073849
2022-09-23,4875215,33010,0.0,0.0,5200.571428571428,-0.8019525119073849
2022-09-24,4875215,33010,0.0,0.0,6425.285714285715,-0.7553131009795201
2022-09-25,4875215,33010,0.0,0.0,6425.285714285715,-0.7553131009795201
2022-09-26,4875215,33010,0.0,0.0,6425.285714285715,-0.7553131009795201
2022-09-27,4920192,33111,44977.0,101.0,6425.285714285715,-0.7553131009795201
2022-09-28,4920192,33111,0.0,0.0,6425.285714285715,-0.7553131009795201
2022-09-29,4920192,33111,0.0,0.0,6425.285714285715,-0.7553131009795201
2022-09-30,4920192,33111,0.0,0.0,6425.285714285715,-0.7553131009795201
2022-10-01,4920192,33111,0.0,0.0,7839.285714285715,-0.7014653359773032
2022-10-02,4920192,33111,0.0,0.0,7839.285714285715,-0.7014653359773032
2022-10-03,4920192,33111,0.0,0.0,7839.285714285715,-0.7014653359773032
2022-10-04,4975067,33200,54875.0,89.0,7839.285714285715,-0.7014653359773032
2022-10-05,4975067,33200,0.0,0.0,7839.285714285715,-0.7014653359773032
2022-10-06,4975067,33200,0.0,0.0,7839.285714285715,-0.7014653359773032
2022-10-07,4975067,33200,0.0,0.0,7839.285714285715,-0.7014653359773032
2022-10-08,4975067,33200,0.0,0.0,7346.714285714285,-0.7202233773722966
2022-10-09,4975067,33200,0.0,0.0,7346.714285714285,-0.7202233773722966
2022-10-10,4975067,33200,0.0,0.0,7346.714285714285,-0.7202233773722966
2022-10-11,5026494,33313,51427.0,113.0,7346.714285714285,-0.7202233773722966
2022-10-12,5026494,33313,0.0,0.0,7346.714285714285,-0.7202233773722966
2022-10-13,5026494,33313,0.0,0.0,7346.714285714285,-0.7202233773722966
2022-10-14,5026494,33313,0.0,0.0,7346.714285714285,-0.7202233773722966
2022-10-15,5026494,33313,0.0,0.0,7926.714285714285,-0.6981358924350365
2022-10-16,5026494,33313,0.0,0.0,7926.714285714285,-0.6981358924350365
2022-10-17,5026494,33313,0.0,0.0,7926.714285714285,-0.6981358924350365
2022-10-18,5081981,33426,55487.0,113.0,7926.714285714285,-0.6981358924350365
2022-10-19,5081981,33426,0.0,0.0,7926.714285714285,-0.6981358924350365
2022-10-20,5081981,33426,0.0,0.0,7926.714285714285,-0.6981358924350365
2022-10-21,5081981,33426,0.0,0.0,7926.714285714285,-0.6981358924350365
2022-10-22,5081981,33426,0.0,0.0,7602.714285714285,-0.7104744185034368
2022-10-23,5081981,33426,0.0,0.0,7602.714285714285,-0.7104744185034368
2022-10-24,5081981,33426,0.0,0.0,7602.714285714285,-0.7104744185034368
2022-10-25,5135200,33574,53219.0,148.0,7602.714285714285,-0.7104744185034368
2022-10-26,5135200,33574,0.0,0.0,7602.714285714285,-0.7104744185034368
2022-10-27,5135200,33574,0.0,0.0,7602.714285714285,-0.7104744185034368
2022-10-28,5135200,33574,0.0,0.0,7602.714285714285,-0.7104744185034368
2022-10-29,5135200,33574,0.0,0.0,7670.0,-0.7079120526400257
2022-10-30,5135200,33574,0.0,0.0,7670.0,-0.7079120526400257
2022-10-31,5135200,33574,0.0,0.0,7670.0,-0.7079120526400257
2022-11-01,5188890,33750,53690.0,176.0,7670.0,-0.7079120526400257
2022-11-02,5188890,33750,0.0,0.0,7670.0,-0.7079120526400257
2022-11-03,5188890,33750,0.0,0.0,7670.0,-0.7079120526400257
2022-11-04,5188890,33750,0.0,0.0,7670.0,-0.7079120526400257
2022-11-05,5188890,33750,0.0,0.0,8771.142857142857,-0.665978472862587
2022-11-06,5188890,33750,0.0,0.0,8771.142857142857,-0.665978472862587
2022-11-07,5188890,33750,0.0,0.0,8771.142857142857,-0.665978472862587
2022-11-08,5250288,33888,61398.0,138.0,8771.142857142857,-0.665978472862587
2022-11-09,5250288,33888,0.0,0.0,8771.142857142857,-0.665978472862587
2022-11-10,5250288,33888,0.0,0.0,8771.142857142857,-0.665978472862587
2022-11-11,5250288,33888,0.0,0.0,8771.142857142857,-0.665978472862587
2022-11-12,5250288,33888,0.0,0.0,8027.714285714285,-0.6942896235063066
2022-11-13,5250288,33888,0.0,0.0,8027.714285714285,-0.6942896235063066
2022-11-14,5250288,33888,0.0,0.0,8027.714285714285,-0.6942896235063066
2022-11-15,5306482,34024,56194.0,136.0,8027.714285714285,-0.6942896235063066
2022-11-16,5306482,34024,0.0,0.0,8027.714285714285,-0.6942896235063066
2022-11-17,5306482,34024,0.0,0.0,8027.714285714285,-0.6942896235063066
2022-11-18,5306482,34024,0.0,0.0,8027.714285714285,-0.6942896235063066
2022-11-19,5306482,34024,0.0,0.0,7717.714285714285,-0.7060950033865664
2022-11-20,5306482,34024,0.0,0.0,7717.714285714285,-0.7060950033865664
2022-11-21,5306482,34024,0.0,0.0,7717.714285714285,-0.7060950033865664
2022-11-22,5360506,34178,54024.0,154.0,7717.714285714285,-0.7060950033865664
2022-11-23,5360506,34178,0.0,0.0,7717.714285714285,-0.7060950033865664
2022-11-24,5360506,34178,0.0,0.0,7717.714285714285,-0.7060950033865664
2022-11-25,5360506,34178,0.0,0.0,7717.714285714285,-0.7060950033865664
2022-11-26,5360506,34178,0.0,0.0,6312.0,-0.7596272328896796
2022-11-27,5360506,34178,0.0,0.0,6312.0,-0.7596272328896796
2022-11-28,5360506,34178,0.0,0.0,6312.0,-0.7596272328896796
2022-11-29,5404690,34309,44184.0,131.0,6312.0,-0.7596272328896796
2022-11-30,5404690,34309,0.0,0.0,6312.0,-0.7596272328896796
2022-12-01,5404690,34309,0.0,0.0,6312.0,-0.7596272328896796
2022-12-02,5404690,34309,0.0,0.0,6312.0,-0.7596272328896796
2022-12-03,5404690,34309,0.0,0.0,6287.142857142857,-0.7605738393869907
2022-12-04,5404690,34309,0.0,0.0,6287.142857142857,-0.7605738393869907
2022-12-05,5404690,34309,0.0,0.0,6287.142857142857,-0.7605738393869907
2022-12-06,5448700,34482,44010.0,173.0,6287.142857142857,-0.7605738393869907
2022-12-07,5448700,34482,0.0,0.0,6287.142857142857,-0.7605738393869907
2022-12-08,5448700,34482,0.0,0.0,6287.142857142857,-0.7605738393869907
2022-12-09,5448700,34482,0.0,0.0,6287.142857142857,-0.7605738393869907
2022-12-10,5448700,34482,0.0,0.0,7433.857142857143,-0.7169048143644816
2022-12-11,5448700,34482,0.0,0.0,7433.857142857143,-0.7169048143644816
2022-12-12,5448700,34482,0.0,0.0,7433.857142857143,-0.7169048143644816
2022-12-13,5500737,34614,52037.0,132.0,7433.857142857143,-0.7169048143644816
2022-12-14,5500737,34614,0.0,0.0,7433.857142857143,-0.7169048143644816
2022-12-15,5500737,34614,0.0,0.0,7433.857142857143,-0.7169048143644816
2022-12-16,5500737,34614,0.0,0.0,7433.857142857143,-0.7169048143644816
2022-12-17,5500737,34614,0.0,0.0,6821.428571428572,-0.7402272399620269
2022-12-18,5500737,34614,0.0,0.0,6821.428571428572,-0.7402272399620269
2022-12-19,5500737,34614,0.0,0.0,6821.428571428572,-0.7402272399620269
2022-12-20,5548487,34779,47750.0,165.0,6821.428571428572,-0.7402272399620269
2022-12-21,5548487,34779,0.0,0.0,6821.428571428572,-0.7402272399620269
2022-12-22,5548487,34779,0.0,0.0,6821.428571428572,-0.7402272399620269
2022-12-23,5548487,34779,0.0,0.0,6821.428571428572,-0.7402272399620269
2022-12-24,5548487,34779,0.0,0.0,0.0,-1.0
2022-12-25,5548487,34779,0.0,0.0,0.0,-1.0
2022-12-26,5548487,34779,0.0,0.0,0.0,-1.0
2022-12-27,5548487,34779,0.0,0.0,0.0,-1.0
2022-12-28,5548487,34779,0.0,0.0,0.0,-1.0
2022-12-29,5548487,34779,0.0,0.0,0.0,-1.0
2022-12-30,5548487,34779,0.0,0.0,0.0,-1.0
2022-12-31,5548487,34779,0.0,0.0,0.0,-1.0
2023-01-01,5548487,34779,0.0,0.0,0.0,-1.0
2023-01-02,5548487,34779,0.0,0.0,0.0,-1.0
2023-01-03,5548487,34779,0.0,0.0,0.0,-1.0
2023-01-04,5548487,34779,0.0,0.0,0.0,-1.0
2023-01-05,5548487,34779,0.0,0.0,0.0,-1.0
2023-01-06,5548487,34779,0.0,0.0,0.0,-1.0
2023-01-07,5548487,34779,0.0,0.0,0.0,-1.0
2023-01-08,5548487,34779,0.0,0.0,0.0,-1.0
2023-01-09,5548487,34779,0.0,0.0,0.0,-1.0
2023-01-10,5548487,34779,0.0,0.0,0.0,-1.0
2023-01-11,5548487,34779,0.0,0.0,0.0,-1.0
2023-01-12,5548487,34779,0.0,0.0,0.0,-1.0
2023-01-13,5548487,34779,0.0,0.0,0.0,-1.0
2023-01-14,5548487,34779,0.0,0.0,0.0,-1.0
2023-01-15,5548487,34779,0.0,0.0,0.0,-1.0
2023-01-16,5548487,34779,0.0,0.0,0.0,-1.0
2023-01-17,5548487,34779,0.0,0.0,0.0,-1.0
2023-01-18,5548487,34779,0.0,0.0,0.0,-1.0
2023-01-19,5548487,34779,0.0,0.0,0.0,-1.0
2023-01-20,5548487,34779,0.0,0.0,0.0,-1.0
2023-01-21,5548487,34779,0.0,0.0,0.0,-1.0
2023-01-22,5548487,34779,0.0,0.0,0.0,-1.0
2023-01-23,5548487,34779,0.0,0.0,0.0,-1.0
2023-01-24,5548487,34779,0.0,0.0,0.0,-1.0
2023-01-25,5548487,34779,0.0,0.0,0.0,-1.0
2023-01-26,5548487,34779,0.0,0.0,0.0,-1.0
2023-01-27,5548487,34779,0.0,0.0,0.0,-1.0
2023-01-28,5548487,34779,0.0,0.0,0.0,-1.0
2023-01-29,5548487,34779,0.0,0.0,0.0,-1.0
2023-01-30,5548487,34779,0.0,0.0,0.0,-1.0
2023-01-31,5548487,34779,0.0,0.0,0.0,-1.0
2023-02-01,5548487,34779,0.0,0.0,0.0,-1.0
2023-02-02,5548487,34779,0.0,0.0,0.0,-1.0
2023-02-03,5548487,34779,0.0,0.0,0.0,-1.0
2023-02-04,5548487,34779,0.0,0.0,0.0,-1.0
2023-02-05,5548487,34779,0.0,0.0,0.0,-1.0
2023-02-06,5548487,34779,0.0,0.0,0.0,-1.0
2023-02-07,5548487,34779,0.0,0.0,0.0,-1.0
2023-02-08,5548487,34779,0.0,0.0,0.0,-1.0
2023-02-09,5548487,34779,0.0,0.0,0.0,-1.0
2023-02-10,5548487,34779,0.0,0.0,0.0,-1.0
2023-02-11,5548487,34779,0.0,0.0,0.0,-1.0
2023-02-12,5548487,34779,0.0,0.0,0.0,-1.0
2023-02-13,5548487,34779,0.0,0.0,0.0,-1.0
2023-02-14,5548487,34779,0.0,0.0,0.0,-1.0
2023-02-15,5548487,34779,0.0,0.0,0.0,-1.0
2023-02-16,5548487,34779,0.0,0.0,0.0,-1.0
2023-02-17,5548487,34779,0.0,0.0,0.0,-1.0
2023-02-18,5548487,34779,0.0,0.0,0.0,-1.0
2023-02-19,5548487,34779,0.0,0.0,0.0,-1.0
2023-02-20,5548487,34779,0.0,0.0,0.0,-1.0
2023-02-21,5548487,34779,0.0,0.0,0.0,-1.0
2023-02-22,5548487,34779,0.0,0.0,0.0,-1.0
2023-02-23,5548487,34779,0.0,0.0,0.0,-1.0
2023-02-24,5548487,34779,0.0,0.0,0.0,-1.0
2023-02-25,5548487,34779,0.0,0.0,0.0,-1.0
2023-02-26,5548487,34779,0.0,0.0,0.0,-1.0
2023-02-27,5548487,34779,0.0,0.0,0.0,-1.0
2023-02-28,5548487,34779,0.0,0.0,0.0,-1.0
2023-03-01,5548487,34779,0.0,0.0,0.0,-1.0
2023-03-02,5548487,34779,0.0,0.0,0.0,-1.0
2023-03-03,5548487,34779,0.0,0.0,0.0,-1.0
2023-03-04,5548487,34779,0.0,0.0,0.0,-1.0
2023-03-05,5548487,34779,0.0,0.0,0.0,-1.0
2023-03-06,5548487,34779,0.0,0.0,0.0,-1.0
